datetime,v,vw,o,c,h,l,t,n
2023-07-06 10:00:00,32094.0,190.1295,190.25,190.1,190.25,190.04,1688637600000,672
2023-07-06 11:00:00,112133.0,190.1632,190.07,190.11,190.3,190.05,1688641200000,2400
2023-07-06 12:00:00,717802.0,190.1249,190.18,189.61,191.11,189.26,1688644800000,11122
2023-07-06 13:00:00,6922341.0,189.8933,189.64,189.93,190.46,189.2,1688648400000,113039
2023-07-06 14:00:00,6111573.0,189.8119,189.94,189.544,190.18,189.5,1688652000000,146740
2023-07-06 15:00:00,5151485.0,190.1602,189.55,190.495,190.61,189.53,1688655600000,62703
2023-07-06 16:00:00,4077758.0,190.8916,190.5,190.9722,191.17,190.49,1688659200000,46850
2023-07-07 10:00:00,9740.0,191.5367,191.73,191.61,191.73,191.44,1688724000000,233
2023-07-07 11:00:00,51061.0,191.6531,191.65,191.56,191.76,191.56,1688727600000,709
2023-07-07 12:00:00,466569.0,191.9435,191.63,191.85,192.44,191.45,1688731200000,7846
2023-07-07 13:00:00,6386070.0,191.2446,191.75,191.535,191.93,190.71,1688734800000,99420
2023-07-07 14:00:00,6325033.0,190.8747,191.535,190.6899,191.72,190.24,1688738400000,148319
2023-07-07 15:00:00,4514445.0,191.2808,190.68,191.7525,191.78,190.675,1688742000000,47494
2023-07-07 16:00:00,5383469.0,192.2097,191.76,192.31,192.53,191.76,1688745600000,54834
2023-07-10 10:00:00,95079.0,188.9921,189.13,189.16,189.16,188.8,1688983200000,1365
2023-07-10 11:00:00,213621.0,189.5656,189.12,190.19,190.38,189.12,1688986800000,3897
2023-07-10 12:00:00,366391.0,189.789,189.27,189.44,190.42,189.15,1688990400000,7873
2023-07-10 13:00:00,11565116.0,188.5735,189.45,187.62,190.68,187.15,1688994000000,163027
2023-07-10 14:00:00,9571481.0,188.6161,187.62,188.15,189.51,187.6,1688997600000,220373
2023-07-10 15:00:00,6734957.0,187.9817,188.155,187.53,188.4514,187.52,1689001200000,79941
2023-07-10 16:00:00,6096124.0,187.5075,187.5208,188.03,188.13,187.035,1689004800000,70071
2023-07-11 10:00:00,17622.0,189.1528,189.2,188.92,189.3,188.91,1689069600000,450
2023-07-11 11:00:00,65906.0,189.3336,189.0,189.44,189.54,189.0,1689073200000,1229
2023-07-11 12:00:00,335444.0,189.2807,189.1,189.62,189.96,188.63,1689076800000,6410
2023-07-11 13:00:00,6455955.0,188.3905,189.63,187.83,189.67,187.59,1689080400000,106029
2023-07-11 14:00:00,5796747.0,187.9977,187.84,188.16,188.5601,187.45,1689084000000,146891
2023-07-11 15:00:00,4794260.0,187.8309,188.16,188.1917,188.4609,187.26,1689087600000,58209
2023-07-11 16:00:00,4663054.0,187.8929,188.2,187.7,188.38,187.46,1689091200000,46991
2023-07-12 10:00:00,15769.0,188.5164,188.53,188.5,188.64,188.43,1689156000000,347
2023-07-12 11:00:00,38543.0,188.6563,188.52,188.65,188.74,188.52,1689159600000,920
2023-07-12 12:00:00,624053.0,189.1475,188.59,189.23,189.5,188.11,1689163200000,10036
2023-07-12 13:00:00,11848134.0,190.5973,189.22,190.71,191.7,189.21,1689166800000,142848
2023-07-12 14:00:00,9208729.0,190.4316,190.72,189.6699,190.99,189.565,1689170400000,180149
2023-07-12 15:00:00,7303031.0,189.3036,189.67,188.6399,189.9,188.47,1689174000000,81230
2023-07-12 16:00:00,4693964.0,189.2051,188.63,189.361,189.82,188.57,1689177600000,54470
2023-07-13 10:00:00,9820.0,190.7691,190.68,190.72,190.86,190.65,1689242400000,278
2023-07-13 11:00:00,47976.0,190.6405,190.71,190.75,190.8,190.57,1689246000000,1066
2023-07-13 12:00:00,383799.0,190.6718,190.69,190.95,191.1,190.15,1689249600000,5927
2023-07-13 13:00:00,6542609.0,190.5897,190.95,190.315,191.095,189.94,1689253200000,95405
2023-07-13 14:00:00,6281025.0,190.2397,190.31,190.32,190.775,189.78,1689256800000,143187
2023-07-13 15:00:00,3657731.0,190.3344,190.32,190.63,190.71,190.04,1689260400000,41530
2023-07-13 16:00:00,2945418.0,190.5831,190.6301,190.42,190.845,190.33,1689264000000,34720
2023-07-14 10:00:00,29325.0,189.9214,189.95,189.83,190.05,189.64,1689328800000,825
2023-07-14 11:00:00,103588.0,189.9227,190.0,189.86,190.14,189.75,1689332400000,2505
2023-07-14 12:00:00,277506.0,190.0114,189.97,190.11,190.83,189.78,1689336000000,6689
2023-07-14 13:00:00,5805645.0,190.5978,190.05,190.81,191.0,189.9,1689339600000,93554
2023-07-14 14:00:00,6635442.0,190.8158,190.79,190.62,191.1799,190.37,1689343200000,153538
2023-07-14 15:00:00,4131700.0,190.4835,190.62,190.48,190.72,190.28,1689346800000,48536
2023-07-14 16:00:00,3821424.0,190.0774,190.49,190.0208,190.5,189.7226,1689350400000,47907
2023-07-17 10:00:00,17736.0,190.8842,190.96,190.86,191.0,190.76,1689588000000,528
2023-07-17 11:00:00,124471.0,191.0258,190.86,191.2,191.25,190.86,1689591600000,2141
2023-07-17 12:00:00,292056.0,191.1662,190.8996,191.44,191.61,190.22,1689595200000,5537
2023-07-17 13:00:00,9464903.0,192.6592,191.45,192.52,193.45,191.35,1689598800000,131387
2023-07-17 14:00:00,6299522.0,192.8782,192.53,192.95,193.13,192.53,1689602400000,179821
2023-07-17 15:00:00,4507131.0,193.026,192.96,193.2313,193.29,192.74,1689606000000,49708
2023-07-17 16:00:00,3337320.0,192.773,193.24,192.9,193.25,192.4,1689609600000,39764
2023-07-18 10:00:00,6605.0,193.735,193.81,193.81,193.81,193.67,1689674400000,185
2023-07-18 11:00:00,47249.0,193.7909,193.89,193.75,193.92,193.72,1689678000000,878
2023-07-18 12:00:00,272808.0,193.7554,193.82,193.68,194.35,193.42,1689681600000,5430
2023-07-18 13:00:00,6204292.0,193.1457,193.74,193.3201,193.8,192.795,1689685200000,94059
2023-07-18 14:00:00,6178591.0,193.2124,193.325,193.365,193.57,192.8,1689688800000,138589
2023-07-18 15:00:00,5591941.0,193.1974,193.37,193.2,193.655,192.76,1689692400000,58084
2023-07-18 16:00:00,5370800.0,192.7349,193.2001,192.52,193.245,192.415,1689696000000,59761
2023-07-19 10:00:00,18841.0,193.3483,193.53,193.12,193.54,193.11,1689760800000,475
2023-07-19 11:00:00,80654.0,193.452,193.38,193.4,193.66,193.25,1689764400000,1537
2023-07-19 12:00:00,176166.0,193.5408,193.41,193.67,193.96,193.2607,1689768000000,4538
2023-07-19 13:00:00,6041079.0,193.0905,193.67,192.81,193.71,192.69,1689771600000,95176
2023-07-19 14:00:00,7921083.0,192.9765,192.82,192.9472,193.35,192.65,1689775200000,149383
2023-07-19 15:00:00,4755579.0,193.2578,192.95,193.38,193.6,192.79,1689778800000,47936
2023-07-19 16:00:00,30103856.0,195.9878,193.37,195.07,198.23,193.36,1689782400000,268565
2023-07-20 10:00:00,19807.0,193.8708,193.76,193.9,194.0,193.74,1689847200000,386
2023-07-20 11:00:00,83433.0,194.0573,193.9,194.3,194.38,193.65,1689850800000,1689
2023-07-20 12:00:00,213921.0,194.0872,193.95,194.01,194.7,193.74,1689854400000,5114
2023-07-20 13:00:00,8295400.0,195.8161,194.0,195.7303,196.47,193.81,1689858000000,110777
2023-07-20 14:00:00,10252477.0,194.8248,195.74,194.45,195.77,193.9501,1689861600000,168840
2023-07-20 15:00:00,5441983.0,194.7459,194.445,194.93,195.14,194.21,1689865200000,53917
2023-07-20 16:00:00,7855515.0,194.8522,194.94,194.48,195.5899,194.26,1689868800000,79242
2023-07-21 10:00:00,10663.0,193.2227,192.94,193.38,193.4,192.94,1689933600000,251
2023-07-21 11:00:00,59539.0,193.4763,193.35,193.33,193.7,193.3,1689937200000,1223
2023-07-21 12:00:00,191730.0,193.6568,193.335,193.82,193.9,193.0,1689940800000,4576
2023-07-21 13:00:00,8283379.0,194.2575,193.82,193.79,194.97,193.72,1689944400000,94183
2023-07-21 14:00:00,7099879.0,193.3626,193.795,193.15,194.1201,192.81,1689948000000,159657
2023-07-21 15:00:00,4524288.0,193.3326,193.16,193.105,193.81,192.7,1689951600000,52264
2023-07-21 16:00:00,5768999.0,192.5924,193.105,192.173,193.15,191.96,1689955200000,55818
2023-07-24 10:00:00,44398.0,192.8091,192.49,193.0,193.26,192.36,1690192800000,687
2023-07-24 11:00:00,131483.0,192.9621,193.02,192.93,193.14,192.77,1690196400000,1589
2023-07-24 12:00:00,210299.0,192.8301,192.9,192.7,193.13,191.9,1690200000000,4905
2023-07-24 13:00:00,8573328.0,194.06,192.77,193.51,194.91,192.53,1690203600000,111703
2023-07-24 14:00:00,5901939.0,193.4289,193.51,193.38,193.83,192.96,1690207200000,181230
2023-07-24 15:00:00,8184574.0,193.1493,193.38,193.12,193.74,192.83,1690210800000,46509
2023-07-24 16:00:00,3564953.0,193.1032,193.12,193.06,193.4201,192.89,1690214400000,35605
2023-07-25 10:00:00,17929.0,193.4115,193.54,193.33,193.54,193.3,1690279200000,479
2023-07-25 11:00:00,24318.0,193.4755,193.4,193.54,193.54,193.4,1690282800000,588
2023-07-25 12:00:00,154016.0,193.558,193.48,193.58,193.77,193.4,1690286400000,4140
2023-07-25 13:00:00,4883604.0,193.5215,193.59,193.95,194.02,192.915,1690290000000,81786
2023-07-25 14:00:00,4627711.0,193.582,193.955,193.28,194.2,193.23,1690293600000,133120
2023-07-25 15:00:00,3473147.0,193.7962,193.2722,193.765,194.13,193.25,1690297200000,40231
2023-07-25 16:00:00,2607375.0,193.7749,193.765,193.92,193.9655,193.61,1690300800000,33168
2023-07-26 10:00:00,24837.0,193.3966,193.69,193.3,193.69,193.21,1690365600000,501
2023-07-26 11:00:00,30067.0,193.3747,193.37,193.3,193.46,193.3,1690369200000,569
2023-07-26 12:00:00,159916.0,193.5405,194.05,193.6,194.05,193.19,1690372800000,4213
2023-07-26 13:00:00,4301184.0,193.6593,193.59,193.65,194.18,193.27,1690376400000,79859
2023-07-26 14:00:00,6223919.0,194.175,193.655,194.4106,194.72,193.64,1690380000000,144668
2023-07-26 15:00:00,3586293.0,194.4124,194.41,194.78,194.83,194.02,1690383600000,43308
2023-07-26 16:00:00,3230557.0,194.5574,194.7664,194.375,194.94,194.185,1690387200000,32495
2023-07-27 10:00:00,33295.0,196.1774,196.22,196.25,196.36,196.01,1690452000000,592
2023-07-27 11:00:00,113341.0,196.2089,196.19,196.2,196.44,196.0,1690455600000,1812
2023-07-27 12:00:00,302268.0,196.1244,196.09,196.08,196.4201,194.5,1690459200000,6241
2023-07-27 13:00:00,6317457.0,196.6726,196.08,196.9118,197.2,195.82,1690462800000,98568
2023-07-27 14:00:00,6233841.0,196.3571,196.92,195.5434,197.035,195.45,1690466400000,144386
2023-07-27 15:00:00,4934089.0,195.9205,195.545,195.83,196.44,195.49,1690470000000,50701
2023-07-27 16:00:00,3201098.0,196.1552,195.8471,196.075,196.43,195.83,1690473600000,37503
2023-07-28 10:00:00,8863.0,194.7865,194.9,194.88,194.9,194.65,1690538400000,167
2023-07-28 11:00:00,44419.0,194.7088,194.76,194.69,194.79,194.6,1690542000000,813
2023-07-28 12:00:00,272738.0,194.7453,194.75,195.05,195.2,193.84,1690545600000,5251
2023-07-28 13:00:00,6132742.0,195.352,195.05,195.65,195.98,194.14,1690549200000,92449
2023-07-28 14:00:00,6574766.0,195.8067,195.66,195.72,196.15,195.31,1690552800000,152681
2023-07-28 15:00:00,4667793.0,196.2573,195.73,196.51,196.626,195.7,1690556400000,51826
2023-07-28 16:00:00,4050938.0,196.2051,196.52,195.945,196.52,195.88,1690560000000,39782
2023-07-31 10:00:00,9343.0,195.8101,195.7,195.8,195.89,195.7,1690797600000,263
2023-07-31 11:00:00,116721.0,196.0882,195.83,196.25,196.25,195.78,1690801200000,2655
2023-07-31 12:00:00,262382.0,196.3678,196.0,196.59,196.71,195.51,1690804800000,6144
2023-07-31 13:00:00,5474118.0,195.9438,196.6,195.6,196.64,195.39,1690808400000,102057
2023-07-31 14:00:00,5575057.0,195.96,195.595,196.26,196.435,195.26,1690812000000,185089
2023-07-31 15:00:00,3605303.0,196.2302,196.27,196.1398,196.49,195.95,1690815600000,46698
2023-07-31 16:00:00,2755344.0,196.0299,196.14,195.91,196.2833,195.77,1690819200000,36775
2023-08-01 10:00:00,4518.0,195.9616,195.9,196.15,196.15,195.88,1690884000000,122
2023-08-01 11:00:00,85627.0,195.9714,196.17,195.9,196.21,195.8,1690887600000,1624
2023-08-01 12:00:00,163404.0,196.0056,196.18,195.88,196.99,195.79,1690891200000,5109
2023-08-01 13:00:00,4604559.0,196.3669,195.9,196.455,196.73,195.8,1690894800000,83329
2023-08-01 14:00:00,7305749.0,195.7624,196.46,195.8,196.68,195.28,1690898400000,172763
2023-08-01 15:00:00,3157395.0,195.8999,195.81,195.915,196.18,195.6,1690902000000,39693
2023-08-01 16:00:00,2761559.0,195.6635,195.91,195.78,195.92,195.35,1690905600000,34245
2023-08-02 10:00:00,90558.0,194.2045,193.9,194.55,194.75,193.76,1690970400000,1124
2023-08-02 11:00:00,125316.0,194.7909,194.6,194.74,194.95,194.53,1690974000000,1994
2023-08-02 12:00:00,232169.0,194.6848,194.7899,194.69,194.98,193.825,1690977600000,4230
2023-08-02 13:00:00,6412934.0,194.103,194.64,194.0,195.18,193.37,1690981200000,103039
2023-08-02 14:00:00,6655395.0,193.3076,194.0,192.8001,194.27,192.75,1690984800000,166314
2023-08-02 15:00:00,5137550.0,192.8681,192.8,192.58,193.2712,192.52,1690988400000,65814
2023-08-02 16:00:00,5633714.0,192.2653,192.588,192.84,192.84,191.8507,1690992000000,77013
2023-08-03 10:00:00,18452.0,191.8239,191.91,191.7,192.07,191.7,1691056800000,419
2023-08-03 11:00:00,104772.0,191.9146,191.75,191.79,192.25,191.65,1691060400000,2187
2023-08-03 12:00:00,316873.0,191.83,191.8,191.73,193.0,191.45,1691064000000,7517
2023-08-03 13:00:00,6139385.0,191.7533,191.77,191.69,192.28,190.69,1691067600000,101638
2023-08-03 14:00:00,7421285.0,191.3925,191.68,191.72,192.03,190.84,1691071200000,166551
2023-08-03 15:00:00,5291243.0,192.0062,191.72,191.74,192.37,191.623,1691074800000,60744
2023-08-03 16:00:00,3880645.0,191.9466,191.74,192.215,192.36,191.61,1691078400000,49147
2023-08-04 10:00:00,60555.0,187.5292,187.58,187.37,187.75,187.22,1691143200000,1920
2023-08-04 11:00:00,401346.0,186.7278,187.42,186.65,187.44,186.22,1691146800000,8208
2023-08-04 12:00:00,1915730.0,186.0631,187.31,186.01,191.17,185.01,1691150400000,32104
2023-08-04 13:00:00,26038947.0,185.5658,186.0,185.295,187.38,183.25,1691154000000,310985
2023-08-04 14:00:00,15572770.0,185.1182,185.3,185.36,185.77,184.27,1691157600000,277311
2023-08-04 15:00:00,10404984.0,185.4533,185.37,185.6,186.375,184.93,1691161200000,127338
2023-08-04 16:00:00,5459832.0,185.3655,185.605,185.22,185.68,185.08,1691164800000,81262
2023-08-07 10:00:00,55622.0,182.6459,182.82,182.66,182.88,182.38,1691402400000,1724
2023-08-07 11:00:00,138619.0,182.4861,182.69,182.54,182.97,182.26,1691406000000,3008
2023-08-07 12:00:00,2923954.0,182.0678,182.62,182.61,183.88,182.1,1691409600000,10804
2023-08-07 13:00:00,20665485.0,180.0818,182.63,178.39,183.13,178.2101,1691413200000,267693
2023-08-07 14:00:00,16314625.0,179.0103,178.395,178.11,179.79,178.065,1691416800000,313029
2023-08-07 15:00:00,13411890.0,177.9609,178.1,178.65,178.785,177.35,1691420400000,161339
2023-08-07 16:00:00,7968433.0,178.3573,178.66,178.23,178.83,177.74,1691424000000,96787
2023-08-08 10:00:00,42627.0,179.2766,179.18,179.2,179.5,179.1,1691488800000,1144
2023-08-08 11:00:00,132587.0,178.7067,179.25,178.64,179.26,178.29,1691492400000,3412
2023-08-08 12:00:00,3381272.0,178.8626,179.17,179.02,179.47,178.16,1691496000000,11367
2023-08-08 13:00:00,10936160.0,178.7165,179.02,178.05,179.84,177.58,1691499600000,119375
2023-08-08 14:00:00,11452109.0,178.5911,178.045,178.13,179.611,177.76,1691503200000,114781
2023-08-08 15:00:00,7677541.0,178.0635,178.13,177.865,178.3482,177.825,1691506800000,134383
2023-08-08 16:00:00,5137082.0,178.6186,177.8678,178.91,178.99,177.84,1691510400000,78670
2023-08-09 10:00:00,30082.0,181.1404,181.26,181.02,181.29,181.02,1691575200000,737
2023-08-09 11:00:00,109684.0,180.8563,181.0,181.06,181.1,180.56,1691578800000,2295
2023-08-09 12:00:00,328709.0,180.8206,181.0,180.76,181.1,180.52,1691582400000,7001
2023-08-09 13:00:00,8005153.0,179.3685,180.79,178.66,180.98,178.14,1691586000000,88301
2023-08-09 14:00:00,9124377.0,178.4191,178.66,177.815,179.6578,177.6,1691589600000,207664
2023-08-09 15:00:00,7272629.0,177.4833,177.82,177.42,178.2,177.01,1691593200000,88964
2023-08-09 16:00:00,6666582.0,177.9335,177.42,178.19,178.48,177.37,1691596800000,66879
2023-08-10 10:00:00,20635.0,179.1866,179.34,179.14,179.48,179.05,1691661600000,478
2023-08-10 11:00:00,91591.0,178.8947,179.11,178.76,179.24,178.55,1691665200000,2064
2023-08-10 12:00:00,616199.0,179.311,179.14,179.67,179.95,178.5307,1691668800000,11287
2023-08-10 13:00:00,7315821.0,179.7994,179.7,180.55,180.58,178.86,1691672400000,110974
2023-08-10 14:00:00,8864489.0,180.036,180.5596,179.5701,180.75,179.12,1691676000000,182041
2023-08-10 15:00:00,7226979.0,178.9132,179.58,178.355,179.6,178.01,1691679600000,83892
2023-08-10 16:00:00,5530451.0,178.4099,178.35,177.97,178.9199,177.85,1691683200000,60354
2023-08-11 10:00:00,12339.0,177.6178,177.62,177.67,177.7,177.52,1691748000000,306
2023-08-11 11:00:00,69985.0,177.9447,177.74,177.93,178.1,177.69,1691751600000,1329
2023-08-11 12:00:00,372598.0,177.6645,177.79,177.35,178.75,177.13,1691755200000,7079
2023-08-11 13:00:00,6446162.0,177.1713,177.27,176.86,177.62,176.55,1691758800000,107940
2023-08-11 14:00:00,9662937.0,178.0412,176.86,178.01,178.62,176.86,1691762400000,183689
2023-08-11 15:00:00,5097955.0,177.6167,178.015,177.71,178.185,177.281,1691766000000,62369
2023-08-11 16:00:00,3882632.0,177.6934,177.72,177.395,178.095,177.3,1691769600000,46845
2023-08-14 10:00:00,16613.0,178.6565,178.56,178.63,178.78,178.5,1692007200000,418
2023-08-14 11:00:00,92352.0,178.3178,178.55,178.18,178.57,177.99,1692010800000,1652
2023-08-14 12:00:00,295293.0,177.862,178.45,177.65,178.765,177.38,1692014400000,5253
2023-08-14 13:00:00,6403946.0,178.0765,177.65,178.275,178.53,177.305,1692018000000,74884
2023-08-14 14:00:00,7706248.0,178.7696,178.27,179.44,179.69,178.02,1692021600000,171873
2023-08-14 15:00:00,4261646.0,179.2505,179.438,179.01,179.54,178.94,1692025200000,53771
2023-08-14 16:00:00,3755463.0,178.9505,179.015,179.16,179.255,178.59,1692028800000,46433
2023-08-15 10:00:00,48833.0,178.3659,178.91,178.4,178.92,178.1,1692093600000,904
2023-08-15 11:00:00,85225.0,178.5037,178.39,178.47,178.8,178.3,1692097200000,1632
2023-08-15 12:00:00,3198470.0,179.3846,178.58,178.79,180.17,178.25,1692100800000,5640
2023-08-15 13:00:00,4952061.0,178.889,178.77,178.44,179.48,178.42,1692104400000,85869
2023-08-15 14:00:00,7536437.0,177.8225,178.43,177.695,178.495,177.38,1692108000000,167753
2023-08-15 15:00:00,3894187.0,178.1063,177.7,178.31,178.395,177.695,1692111600000,49033
2023-08-15 16:00:00,3016525.0,178.0729,178.31,177.95,178.44,177.781,1692115200000,39205
2023-08-16 10:00:00,21654.0,177.7942,177.89,177.86,177.98,177.45,1692180000000,496
2023-08-16 11:00:00,43074.0,177.6052,177.83,177.72,177.84,177.38,1692183600000,1011
2023-08-16 12:00:00,2524011.0,177.4486,177.39,177.07,178.35,177.03,1692187200000,5137
2023-08-16 13:00:00,5301751.0,177.5805,177.07,177.9771,178.19,176.84,1692190800000,88761
2023-08-16 14:00:00,5664086.0,178.0398,177.975,178.215,178.54,177.625,1692194400000,145425
2023-08-16 15:00:00,4184649.0,177.8297,178.22,177.66,178.335,177.5,1692198000000,47119
2023-08-16 16:00:00,3681668.0,177.5425,177.66,177.5973,177.84,177.305,1692201600000,43099
2023-08-17 10:00:00,17446.0,176.7059,176.7,176.65,176.89,176.51,1692266400000,451
2023-08-17 11:00:00,49442.0,176.6768,176.65,176.74,176.79,176.58,1692270000000,880
2023-08-17 12:00:00,1726218.0,176.5912,176.65,176.94,176.99,176.1,1692273600000,5484
2023-08-17 13:00:00,7348072.0,176.3662,176.92,175.625,177.5054,175.23,1692277200000,111228
2023-08-17 14:00:00,12342375.0,174.6435,175.625,174.09,175.63,173.885,1692280800000,213522
2023-08-17 15:00:00,5286593.0,174.317,174.1,174.63,174.67,173.83,1692284400000,66701
2023-08-17 16:00:00,4085517.0,174.8114,174.64,175.065,175.065,174.41,1692288000000,47152
2023-08-18 10:00:00,41052.0,173.0834,173.16,173.03,173.28,172.89,1692352800000,1266
2023-08-18 11:00:00,261609.0,172.3217,173.1,172.36,173.12,171.96,1692356400000,5605
2023-08-18 12:00:00,528880.0,172.3973,173.01,172.5,174.0,171.93,1692360000000,10301
2023-08-18 13:00:00,8618350.0,172.5616,172.47,172.48,173.35,171.7,1692363600000,115031
2023-08-18 14:00:00,8231995.0,173.1614,172.46,173.71,173.77,172.4314,1692367200000,168012
2023-08-18 15:00:00,5476600.0,173.713,173.7059,174.315,174.37,173.281,1692370800000,62419
2023-08-18 16:00:00,4496100.0,174.0766,174.3,173.9782,174.44,173.7001,1692374400000,49384
2023-08-21 10:00:00,41225.0,175.0953,175.1,175.04,175.25,175.0,1692612000000,851
2023-08-21 11:00:00,63319.0,175.198,175.1,175.42,175.42,175.02,1692615600000,1572
2023-08-21 12:00:00,204754.0,175.3099,175.2176,175.19,175.49,174.57,1692619200000,5859
2023-08-21 13:00:00,5700597.0,174.9417,175.23,175.4,175.4,174.35,1692622800000,104795
2023-08-21 14:00:00,6719683.0,174.6285,175.4,174.24,175.57,173.92,1692626400000,191213
2023-08-21 15:00:00,4362830.0,174.0955,174.24,174.1501,174.47,173.735,1692630000000,49882
2023-08-21 16:00:00,3891786.0,174.6992,174.14,175.073,175.14,174.05,1692633600000,42275
2023-08-22 10:00:00,29428.0,176.8075,176.77,176.81,176.88,176.69,1692698400000,759
2023-08-22 11:00:00,100270.0,176.7871,176.76,176.95,177.04,176.59,1692702000000,2120
2023-08-22 12:00:00,342702.0,176.9406,176.7408,176.81,177.1999,175.89,1692705600000,6266
2023-08-22 13:00:00,5403752.0,176.6339,176.84,176.6,177.24,176.25,1692709200000,85478
2023-08-22 14:00:00,6750284.0,176.7776,176.595,177.205,177.3174,176.26,1692712800000,140004
2023-08-22 15:00:00,5018997.0,177.047,177.21,176.7116,177.43,176.58,1692716400000,51537
2023-08-22 16:00:00,4092439.0,176.8963,176.72,177.03,177.3799,176.27,1692720000000,47857
2023-08-23 10:00:00,29354.0,178.0842,178.27,177.93,178.37,177.82,1692784800000,788
2023-08-23 11:00:00,81327.0,177.5963,177.85,177.75,177.85,177.31,1692788400000,1859
2023-08-23 12:00:00,254020.0,177.6813,177.92,177.56,178.42,177.3101,1692792000000,5225
2023-08-23 13:00:00,8500800.0,179.2351,177.55,179.8201,180.17,177.55,1692795600000,116544
2023-08-23 14:00:00,9078100.0,180.3623,179.84,181.2101,181.27,179.465,1692799200000,170170
2023-08-23 15:00:00,6206908.0,181.0431,181.2115,181.13,181.3311,180.79,1692802800000,66250
2023-08-23 16:00:00,3523877.0,180.8157,181.13,180.68,181.18,180.63,1692806400000,41799
2023-08-24 10:00:00,55661.0,181.8312,181.85,181.76,181.9,181.72,1692871200000,858
2023-08-24 11:00:00,103881.0,181.7341,181.7,181.49,182.0,181.49,1692874800000,1974
2023-08-24 12:00:00,471660.0,181.1725,181.67,180.74,183.34,180.34,1692878400000,9676
2023-08-24 13:00:00,6337965.0,180.2077,180.76,180.02,181.104,179.61,1692882000000,104590
2023-08-24 14:00:00,8599442.0,178.6194,180.02,177.895,180.13,177.68,1692885600000,173955
2023-08-24 15:00:00,5467746.0,177.9184,177.91,177.6099,178.41,177.52,1692889200000,66129
2023-08-24 16:00:00,3495410.0,178.0683,177.61,177.955,178.31,177.5,1692892800000,44115
2023-08-25 10:00:00,17753.0,177.0144,176.94,176.99,177.12,176.83,1692957600000,404
2023-08-25 11:00:00,57305.0,176.9552,177.04,177.2,177.2,176.76,1692961200000,1295
2023-08-25 12:00:00,154499.0,177.1602,177.0,177.19,177.4,176.21,1692964800000,4809
2023-08-25 13:00:00,4666297.0,177.6341,177.17,177.6342,178.1395,176.38,1692968400000,82737
2023-08-25 14:00:00,8722956.0,177.0825,177.62,175.89,178.63,175.82,1692972000000,180134
2023-08-25 15:00:00,5612748.0,176.9086,175.8999,176.66,177.77,175.87,1692975600000,65187
2023-08-25 16:00:00,3520731.0,177.3709,176.66,177.49,177.84,176.64,1692979200000,40929
2023-08-28 10:00:00,5411.0,178.5321,178.53,178.58,178.66,178.46,1693216800000,168
2023-08-28 11:00:00,32679.0,178.794,178.57,179.08,179.08,178.57,1693220400000,706
2023-08-28 12:00:00,200832.0,179.3372,178.5684,179.77,179.8,178.5684,1693224000000,4455
2023-08-28 13:00:00,5125488.0,179.4846,179.78,179.29,180.28,178.92,1693227600000,95794
2023-08-28 14:00:00,6410859.0,179.2544,179.29,179.015,180.02,178.68,1693231200000,185294
2023-08-28 15:00:00,4196063.0,178.8759,179.01,178.91,179.13,178.545,1693234800000,46294
2023-08-28 16:00:00,2930943.0,179.0867,178.9,179.6,179.61,178.7201,1693238400000,36412
2023-08-29 10:00:00,19943.0,180.4174,180.43,180.29,180.55,180.26,1693303200000,391
2023-08-29 11:00:00,33956.0,180.2838,180.3,180.23,180.4,180.1,1693306800000,655
2023-08-29 12:00:00,118601.0,180.1443,180.39,180.07,180.4,179.91,1693310400000,2861
2023-08-29 13:00:00,4843514.0,180.2989,180.08,180.91,181.15,179.35,1693314000000,80002
2023-08-29 14:00:00,9037177.0,182.0544,180.91,182.295,182.67,180.86,1693317600000,174879
2023-08-29 15:00:00,5382561.0,183.0656,182.2999,183.185,183.53,182.28,1693321200000,60714
2023-08-29 16:00:00,4934034.0,183.4667,183.185,183.59,183.75,183.125,1693324800000,48646
2023-08-30 10:00:00,25961.0,183.8328,183.63,184.01,184.06,183.63,1693389600000,525
2023-08-30 11:00:00,69615.0,184.0713,184.01,184.21,184.32,183.86,1693393200000,1347
2023-08-30 12:00:00,329992.0,184.5023,184.07,184.66,185.17,183.85,1693396800000,6459
2023-08-30 13:00:00,8786295.0,185.5862,184.66,186.37,186.43,184.38,1693400400000,115719
2023-08-30 14:00:00,14088290.0,186.7118,186.37,186.685,187.67,185.85,1693404000000,209335
2023-08-30 15:00:00,5298027.0,186.7911,186.6889,187.16,187.33,186.18,1693407600000,55785
2023-08-30 16:00:00,5445437.0,187.431,187.15,187.44,187.77,187.01,1693411200000,51608
2023-08-31 10:00:00,14486.0,187.5426,187.3,187.56,187.67,187.3,1693476000000,376
2023-08-31 11:00:00,72725.0,187.9623,187.56,188.25,188.35,187.44,1693479600000,1837
2023-08-31 12:00:00,355463.0,187.9944,187.59,187.8,188.36,187.2851,1693483200000,6765
2023-08-31 13:00:00,5974434.0,188.068,187.84,188.0544,188.5099,187.45,1693486800000,93342
2023-08-31 14:00:00,6388219.0,188.257,188.08,188.485,188.76,187.65,1693490400000,146331
2023-08-31 15:00:00,3888506.0,188.3247,188.49,188.225,188.6481,188.095,1693494000000,47910
2023-08-31 16:00:00,4614696.0,187.951,188.23,187.82,188.48,187.48,1693497600000,52493
2023-09-01 10:00:00,15193.0,188.4784,188.37,188.46,188.63,188.35,1693562400000,282
2023-09-01 11:00:00,51830.0,188.5546,188.49,188.46,188.7,188.45,1693566000000,875
2023-09-01 12:00:00,620256.0,188.6331,188.65,189.18,189.39,188.03,1693569600000,8608
2023-09-01 13:00:00,6621216.0,188.8926,189.18,188.94,189.92,188.28,1693573200000,104071
2023-09-01 14:00:00,7533616.0,189.0013,188.92,188.4,189.49,188.311,1693576800000,171499
2023-09-01 15:00:00,4240471.0,188.5927,188.4,188.525,188.895,188.35,1693580400000,49439
2023-09-01 16:00:00,4031259.0,188.9645,188.51,189.175,189.27,188.4801,1693584000000,45923
2023-09-05 10:00:00,63397.0,187.6892,187.66,187.6,187.79,187.54,1693908000000,1258
2023-09-05 11:00:00,108960.0,187.619,187.65,187.78,187.88,187.47,1693911600000,2180
2023-09-05 12:00:00,600770.0,187.6662,187.53,187.67,189.75,187.45,1693915200000,8720
2023-09-05 13:00:00,8243982.0,188.1145,187.67,188.06,188.63,187.2,1693918800000,127213
2023-09-05 14:00:00,7896039.0,188.5776,188.06,189.05,189.31,187.82,1693922400000,211463
2023-09-05 15:00:00,5827897.0,189.3641,189.06,189.4,189.61,188.98,1693926000000,57377
2023-09-05 16:00:00,4016969.0,189.6417,189.409,189.64,189.81,189.3702,1693929600000,41444
2023-09-06 10:00:00,40498.0,188.3637,188.4,188.38,188.48,188.21,1693994400000,751
2023-09-06 11:00:00,124557.0,188.5551,188.48,188.5,188.82,188.38,1693998000000,2033
2023-09-06 12:00:00,320337.0,188.4363,188.46,188.4,189.5,188.15,1694001600000,5786
2023-09-06 13:00:00,9233272.0,187.4694,188.37,186.54,188.85,186.5,1694005200000,117743
2023-09-06 14:00:00,16373472.0,184.6858,186.53,184.0188,186.53,183.93,1694008800000,242510
2023-09-06 15:00:00,7900776.0,183.9411,184.02,184.15,184.31,183.53,1694012400000,89463
2023-09-06 16:00:00,7273540.0,183.3789,184.145,183.115,184.32,182.8,1694016000000,84835
2023-09-07 10:00:00,260874.0,177.766,177.96,177.43,178.9,177.22,1694080800000,5196
2023-09-07 11:00:00,596015.0,178.0032,177.45,178.39,178.49,177.4,1694084400000,10017
2023-09-07 12:00:00,2245255.0,177.2696,177.55,176.1729,182.52,176.06,1694088000000,32940
2023-09-07 13:00:00,31439065.0,175.8143,176.1707,176.23,177.79,173.54,1694091600000,352519
2023-09-07 14:00:00,18503632.0,176.3919,176.23,176.6999,177.175,175.69,1694095200000,277855
2023-09-07 15:00:00,12095931.0,177.4306,176.69,176.975,178.21,176.65,1694098800000,127833
2023-09-07 16:00:00,7440188.0,177.0385,176.97,176.735,177.68,176.65,1694102400000,84394
2023-09-08 10:00:00,65184.0,177.614,177.52,177.8,177.82,177.16,1694167200000,1507
2023-09-08 11:00:00,208886.0,177.5831,177.78,177.48,177.89,177.24,1694170800000,3742
2023-09-08 12:00:00,658277.0,177.8048,177.7913,178.1901,179.75,177.06,1694174400000,12853
2023-09-08 13:00:00,11823081.0,179.4497,178.19,179.075,180.239,178.15,1694178000000,157670
2023-09-08 14:00:00,10321708.0,179.5028,179.0784,178.9442,180.0252,178.93,1694181600000,192340
2023-09-08 15:00:00,8763328.0,179.502,178.94,179.545,180.2,178.7,1694185200000,87723
2023-09-08 16:00:00,5490580.0,179.5568,179.55,179.6181,179.99,179.21,1694188800000,58797
2023-09-11 10:00:00,43020.0,179.5781,179.57,179.65,179.74,179.45,1694426400000,1063
2023-09-11 11:00:00,275612.0,179.7965,179.58,180.04,180.11,179.25,1694430000000,4449
2023-09-11 12:00:00,528260.0,180.2938,179.66,180.68,180.8,179.2,1694433600000,9667
2023-09-11 13:00:00,10522055.0,178.7476,180.66,178.01,180.8,177.48,1694437200000,153125
2023-09-11 14:00:00,9812726.0,177.8231,178.01,177.8,178.33,177.34,1694440800000,225673
2023-09-11 15:00:00,6539290.0,178.4168,177.79,178.4201,178.95,177.755,1694444400000,70463
2023-09-11 16:00:00,5040903.0,178.5361,178.42,178.6646,178.86,178.25,1694448000000,51446
2023-09-12 10:00:00,42182.0,179.9016,179.86,179.9,180.02,179.72,1694512800000,901
2023-09-12 11:00:00,86716.0,179.8292,179.91,179.75,179.96,179.69,1694516400000,1337
2023-09-12 12:00:00,331216.0,179.9,179.91,179.75,180.2,179.55,1694520000000,8144
2023-09-12 13:00:00,7425599.0,179.2926,179.74,178.73,180.13,178.45,1694523600000,107216
2023-09-12 14:00:00,13708592.0,177.4575,178.73,176.345,178.7399,176.23,1694527200000,226485
2023-09-12 15:00:00,7235724.0,176.6784,176.345,176.6801,177.12,176.25,1694530800000,86424
2023-09-12 16:00:00,6619981.0,176.9115,176.685,176.9691,177.27,176.395,1694534400000,69650
2023-09-13 10:00:00,79368.0,175.4299,175.43,175.5,175.59,175.2,1694599200000,1630
2023-09-13 11:00:00,275315.0,175.9483,175.58,176.66,176.73,175.21,1694602800000,4407
2023-09-13 12:00:00,1188109.0,176.5198,175.44,177.1,177.4,175.3,1694606400000,17668
2023-09-13 13:00:00,12582645.0,175.7891,177.1,175.8082,177.4982,174.59,1694610000000,160694
2023-09-13 14:00:00,12425186.0,174.9263,175.815,174.735,175.8999,174.07,1694613600000,150949
2023-09-13 15:00:00,10942671.0,175.1083,174.74,175.7325,175.77,174.67,1694617200000,81385
2023-09-13 16:00:00,6914709.0,175.7529,175.74,175.565,176.23,175.26,1694620800000,63319
2023-09-14 10:00:00,42329.0,174.9842,174.74,175.0,175.19,174.72,1694685600000,1091
2023-09-14 11:00:00,245034.0,174.8035,174.97,174.55,175.02,174.4,1694689200000,3417
2023-09-14 12:00:00,623408.0,174.6136,174.88,174.44,175.14,174.1,1694692800000,11181
2023-09-14 13:00:00,9975956.0,174.7355,174.41,175.37,175.63,173.58,1694696400000,134822
2023-09-14 14:00:00,9702213.0,174.987,175.4,175.22,175.57,174.31,1694700000000,177706
2023-09-14 15:00:00,6098498.0,175.352,175.225,175.5,175.76,174.83,1694703600000,65135
2023-09-14 16:00:00,5751061.0,175.575,175.5,175.87,176.0,175.02,1694707200000,59789
2023-09-15 10:00:00,46081.0,176.3115,176.18,176.39,176.49,176.18,1694772000000,740
2023-09-15 11:00:00,108026.0,176.1303,176.31,176.05,176.47,175.81,1694775600000,2224
2023-09-15 12:00:00,790712.0,176.602,176.4,177.1,177.4895,175.52,1694779200000,14103
2023-09-15 13:00:00,21590039.0,175.9217,177.19,174.985,177.43,174.69,1694782800000,149932
2023-09-15 14:00:00,10960329.0,175.0081,175.0,174.57,175.89,174.55,1694786400000,197107
2023-09-15 15:00:00,7170304.0,174.8378,174.57,174.952,176.37,174.525,1694790000000,69485
2023-09-15 16:00:00,4758197.0,174.9353,174.96,174.99,175.15,174.675,1694793600000,48817
2023-09-18 10:00:00,129313.0,175.8509,175.82,175.77,175.96,175.63,1695031200000,1482
2023-09-18 11:00:00,248512.0,175.2049,175.84,174.72,175.84,174.6,1695034800000,4261
2023-09-18 12:00:00,618792.0,175.4506,175.65,175.8394,176.07,174.6,1695038400000,9102
2023-09-18 13:00:00,16222134.0,177.3937,175.82,177.05,178.98,175.7465,1695042000000,175669
2023-09-18 14:00:00,9913551.0,177.0867,177.025,177.135,177.62,176.44,1695045600000,210651
2023-09-18 15:00:00,6621667.0,177.7936,177.135,178.265,178.31,177.0899,1695049200000,61313
2023-09-18 16:00:00,6434473.0,178.6784,178.265,178.8601,179.18,178.11,1695052800000,62028
2023-09-19 10:00:00,16962.0,178.5522,178.7,178.51,178.75,178.46,1695117600000,398
2023-09-19 11:00:00,101772.0,178.6805,178.5,178.68,178.96,178.49,1695121200000,1936
2023-09-19 12:00:00,464886.0,178.2576,178.5,177.99,178.99,177.8,1695124800000,6029
2023-09-19 13:00:00,8387807.0,178.0912,177.98,177.595,178.67,177.13,1695128400000,102813
2023-09-19 14:00:00,7483775.0,177.4903,177.6,177.2288,177.91,177.13,1695132000000,153402
2023-09-19 15:00:00,4872419.0,177.5868,177.22,178.0601,178.12,177.15,1695135600000,48132
2023-09-19 16:00:00,4054647.0,177.9801,178.07,178.19,178.2376,177.63,1695139200000,38253
2023-09-20 10:00:00,18773.0,179.2561,179.36,179.3,179.4,179.16,1695204000000,378
2023-09-20 11:00:00,102075.0,178.8924,179.25,178.65,179.39,178.52,1695207600000,1587
2023-09-20 12:00:00,263858.0,178.9024,179.32,179.28,179.38,178.31,1695211200000,4312
2023-09-20 13:00:00,6770311.0,178.6127,179.25,178.41,179.695,177.98,1695214800000,89605
2023-09-20 14:00:00,7940915.0,177.6901,178.4,177.43,178.425,177.26,1695218400000,164022
2023-09-20 15:00:00,5535072.0,177.2298,177.43,177.55,177.58,176.86,1695222000000,57729
2023-09-20 16:00:00,2978942.0,177.572,177.56,177.725,177.76,177.32,1695225600000,32799
2023-09-21 10:00:00,54115.0,174.487,174.54,174.48,174.62,174.34,1695290400000,1119
2023-09-21 11:00:00,180426.0,174.4212,174.58,174.5,174.66,174.2,1695294000000,3341
2023-09-21 12:00:00,554506.0,174.1599,174.7,173.89,175.05,173.88,1695297600000,9641
2023-09-21 13:00:00,9124080.0,175.1637,173.9,174.68,176.05,173.7,1695301200000,120279
2023-09-21 14:00:00,10187716.0,175.5874,174.66,175.41,176.3,174.63,1695304800000,177012
2023-09-21 15:00:00,6244891.0,175.2434,175.4,175.377,175.7,174.82,1695308400000,60220
2023-09-21 16:00:00,5780191.0,175.1041,175.37,174.885,175.4212,174.86,1695312000000,48912
2023-09-22 10:00:00,32315.0,174.9327,175.0,174.78,175.02,174.75,1695376800000,677
2023-09-22 11:00:00,62711.0,174.7562,174.84,174.7,174.95,174.59,1695380400000,1329
2023-09-22 12:00:00,309427.0,175.1048,174.74,175.05,175.48,174.33,1695384000000,6053
2023-09-22 13:00:00,6134662.0,174.4587,175.08,174.9,175.28,174.05,1695387600000,96692
2023-09-22 14:00:00,9698740.0,175.6403,174.9,176.48,176.55,174.5701,1695391200000,178946
2023-09-22 15:00:00,5405526.0,176.2541,176.485,176.1401,176.62,175.94,1695394800000,59451
2023-09-22 16:00:00,6563749.0,176.5886,176.14,176.67,177.079,175.97,1695398400000,63264
2023-09-25 10:00:00,40365.0,174.8078,174.8,174.89,174.93,174.66,1695636000000,648
2023-09-25 11:00:00,73492.0,174.8736,174.93,174.46,175.17,174.31,1695639600000,1409
2023-09-25 12:00:00,178142.0,174.6636,174.5,174.67,175.57,174.2,1695643200000,4951
2023-09-25 13:00:00,6333712.0,174.7307,174.62,175.34,175.505,174.07,1695646800000,104577
2023-09-25 14:00:00,6428242.0,174.8947,175.35,174.88,175.55,174.21,1695650400000,181681
2023-09-25 15:00:00,6675508.0,176.0146,174.89,176.03,176.54,174.87,1695654000000,63438
2023-09-25 16:00:00,4867617.0,176.4948,176.04,176.29,176.97,175.88,1695657600000,45723
2023-09-26 10:00:00,10274.0,175.1417,175.1,175.29,175.29,175.0,1695722400000,243
2023-09-26 11:00:00,33152.0,175.2549,175.32,175.42,175.51,175.04,1695726000000,694
2023-09-26 12:00:00,152140.0,175.236,175.2,175.15,175.5927,174.85,1695729600000,3339
2023-09-26 13:00:00,8848300.0,174.0574,175.0322,173.04,175.2,172.93,1695733200000,120101
2023-09-26 14:00:00,11344070.0,172.9926,173.04,172.77,173.65,172.48,1695736800000,193274
2023-09-26 15:00:00,6208378.0,172.7671,172.77,172.86,173.19,172.415,1695740400000,69506
2023-09-26 16:00:00,4042441.0,172.9503,172.8599,173.21,173.36,172.52,1695744000000,48125
2023-09-27 10:00:00,23492.0,172.6254,172.69,172.6,172.84,172.5,1695808800000,523
2023-09-27 11:00:00,107321.0,172.6693,172.65,172.89,172.91,172.5,1695812400000,1274
2023-09-27 12:00:00,289484.0,172.8327,172.6,172.94,173.17,172.3,1695816000000,4894
2023-09-27 13:00:00,7321270.0,172.2206,172.9,171.51,173.05,171.45,1695819600000,103220
2023-09-27 14:00:00,10568362.0,170.9098,171.5,170.409,171.66,170.27,1695823200000,191566
2023-09-27 15:00:00,6172154.0,170.6449,170.405,170.4,171.1479,170.02,1695826800000,65260
2023-09-27 16:00:00,6908977.0,169.9207,170.4011,169.94,170.41,169.64,1695830400000,81995
2023-09-28 10:00:00,18845.0,170.1068,170.19,170.18,170.29,169.94,1695895200000,413
2023-09-28 11:00:00,80963.0,169.9185,170.18,169.75,170.23,169.73,1695898800000,1738
2023-09-28 12:00:00,462199.0,169.8392,170.0,169.6799,170.5,169.41,1695902400000,7698
2023-09-28 13:00:00,9959732.0,168.7774,169.72,169.61,169.95,167.62,1695906000000,136635
2023-09-28 14:00:00,9117895.0,169.5923,169.61,170.249,170.27,168.69,1695909600000,167877
2023-09-28 15:00:00,8016355.0,170.6042,170.24,171.6,171.6181,169.8,1695913200000,70461
2023-09-28 16:00:00,5388981.0,171.5832,171.6,171.13,172.03,171.03,1695916800000,55173
2023-09-29 10:00:00,21426.0,172.1068,172.26,171.95,172.26,171.89,1695981600000,511
2023-09-29 11:00:00,67981.0,171.7882,171.87,171.75,172.05,171.32,1695985200000,1752
2023-09-29 12:00:00,309026.0,172.2229,172.05,172.64,172.74,171.2,1695988800000,5048
2023-09-29 13:00:00,6507455.0,172.1802,172.65,172.6977,172.8001,170.69,1695992400000,93477
2023-09-29 14:00:00,6826457.0,172.5565,172.7,172.435,173.07,172.04,1695996000000,148405
2023-09-29 15:00:00,4915506.0,172.1454,172.44,171.9301,172.76,171.58,1695999600000,53221
2023-09-29 16:00:00,3319367.0,171.7278,171.94,171.325,172.09,171.17,1696003200000,39190
2023-10-02 10:00:00,31810.0,171.3224,171.42,171.23,171.61,171.03,1696240800000,787
2023-10-02 11:00:00,82188.0,171.5598,171.37,171.55,171.97,171.25,1696244400000,1548
2023-10-02 12:00:00,186384.0,171.4188,171.38,171.3,172.99,171.06,1696248000000,3748
2023-10-02 13:00:00,6844674.0,172.6247,171.26,172.94,173.25,170.93,1696251600000,72939
2023-10-02 14:00:00,8714162.0,173.5064,172.94,173.009,174.04,172.8,1696255200000,104783
2023-10-02 15:00:00,6194528.0,173.6409,173.01,173.08,174.3,172.905,1696258800000,115693
2023-10-02 16:00:00,4269957.0,173.2355,173.09,173.18,173.53,172.82,1696262400000,106781
2023-10-03 10:00:00,7095.0,173.4845,173.42,173.3,173.69,173.3,1696327200000,149
2023-10-03 11:00:00,95759.0,172.885,173.33,172.75,173.37,172.36,1696330800000,1904
2023-10-03 12:00:00,197298.0,172.5494,173.34,172.15,173.76,172.03,1696334400000,4762
2023-10-03 13:00:00,5676717.0,173.0344,172.15,173.27,173.63,170.6365,1696338000000,71872
2023-10-03 14:00:00,9160387.0,171.6613,173.27,171.51,173.3,170.82,1696341600000,164094
2023-10-03 15:00:00,5209702.0,171.6551,171.5,171.75,171.985,171.36,1696345200000,80006
2023-10-03 16:00:00,4973654.0,172.2629,171.7482,172.56,172.69,171.69,1696348800000,46807
2023-10-04 10:00:00,31629.0,170.6473,170.6,170.72,170.9,170.35,1696413600000,547
2023-10-04 11:00:00,162467.0,170.9194,170.71,170.9,171.25,170.66,1696417200000,2753
2023-10-04 12:00:00,484456.0,171.3501,170.72,171.6,171.78,169.57,1696420800000,8653
2023-10-04 13:00:00,7171271.0,172.0397,171.61,172.49,172.69,170.86,1696424400000,87870
2023-10-04 14:00:00,10049156.0,172.6399,172.48,172.45,173.49,171.87,1696428000000,157565
2023-10-04 15:00:00,5713454.0,172.6859,172.44,173.14,173.15,171.86,1696431600000,86801
2023-10-04 16:00:00,3593555.0,173.0703,173.14,173.11,173.29,172.81,1696435200000,38003
2023-10-05 10:00:00,12708.0,173.3396,173.08,173.48,173.51,173.08,1696500000000,289
2023-10-05 11:00:00,44280.0,173.6306,173.41,173.77,173.85,173.34,1696503600000,628
2023-10-05 12:00:00,204711.0,173.4109,173.69,173.3,174.1106,172.8,1696507200000,4118
2023-10-05 13:00:00,5535393.0,173.881,173.27,173.8723,174.408,173.0,1696510800000,73808
2023-10-05 14:00:00,7213443.0,173.2256,173.87,173.0,173.875,172.68,1696514400000,129394
2023-10-05 15:00:00,5927986.0,173.3998,173.0,173.4801,173.83,172.83,1696518000000,80031
2023-10-05 16:00:00,4810814.0,173.8441,173.485,173.947,174.03,173.36,1696521600000,38613
2023-10-06 10:00:00,17225.0,175.316,175.08,175.35,175.5,175.08,1696586400000,291
2023-10-06 11:00:00,53556.0,175.3336,175.36,175.15,175.56,175.1,1696590000000,982
2023-10-06 12:00:00,642185.0,173.4639,175.4105,173.29,175.59,172.75,1696593600000,10077
2023-10-06 13:00:00,6277595.0,173.973,173.29,174.03,175.06,173.04,1696597200000,83221
2023-10-06 14:00:00,8150237.0,174.518,174.04,175.13,175.28,173.35,1696600800000,141426
2023-10-06 15:00:00,7569166.0,175.8338,175.1324,176.7987,176.84,175.09,1696604400000,108041
2023-10-06 16:00:00,5562087.0,176.732,176.795,176.82,177.05,176.31,1696608000000,54548
2023-10-09 10:00:00,44399.0,176.1391,175.99,176.0,176.35,175.99,1696845600000,704
2023-10-09 11:00:00,84854.0,175.9839,175.98,176.01,176.08,175.85,1696849200000,1577
2023-10-09 12:00:00,261414.0,176.1685,175.94,176.3387,176.4899,175.5,1696852800000,4507
2023-10-09 13:00:00,5543977.0,176.6338,176.35,177.18,177.299,175.8,1696856400000,74845
2023-10-09 14:00:00,5643896.0,176.6911,177.18,176.37,177.36,176.2006,1696860000000,129431
2023-10-09 15:00:00,4378737.0,176.815,176.365,177.195,177.23,176.19,1696863600000,100677
2023-10-09 16:00:00,4204806.0,177.6566,177.2,177.6,178.07,177.18,1696867200000,41740
2023-10-10 10:00:00,23594.0,179.0642,179.14,178.82,179.18,178.82,1696932000000,533
2023-10-10 11:00:00,129518.0,178.2295,178.89,177.7,178.89,177.7,1696935600000,2524
2023-10-10 12:00:00,218372.0,178.2351,178.25,178.15,179.11,177.7,1696939200000,4802
2023-10-10 13:00:00,5026454.0,178.4583,178.03,178.63,179.16,177.85,1696942800000,69108
2023-10-10 14:00:00,6376259.0,179.0098,178.63,179.32,179.43,178.35,1696946400000,132533
2023-10-10 15:00:00,4425046.0,179.4873,179.33,179.565,179.68,179.13,1696950000000,81643
2023-10-10 16:00:00,2802223.0,179.5436,179.56,179.51,179.72,179.35,1696953600000,36862
2023-10-11 10:00:00,8143.0,178.561,178.6,178.58,178.64,178.47,1697018400000,161
2023-10-11 11:00:00,49735.0,178.6428,178.56,178.44,178.9,178.4,1697022000000,1092
2023-10-11 12:00:00,308990.0,178.3521,178.58,178.44,178.92,177.63,1697025600000,4719
2023-10-11 13:00:00,6089936.0,178.2568,178.43,177.935,178.9576,177.6,1697029200000,76238
2023-10-11 14:00:00,7081633.0,178.3796,177.93,179.1,179.28,177.67,1697032800000,138444
2023-10-11 15:00:00,5171307.0,178.8775,179.1,178.7083,179.32,178.445,1697036400000,82860
2023-10-11 16:00:00,3535720.0,178.5387,178.71,178.625,178.74,178.27,1697040000000,37784
2023-10-12 10:00:00,26354.0,180.4952,180.48,180.49,180.58,180.43,1697104800000,384
2023-10-12 11:00:00,53191.0,180.3587,180.45,180.47,180.5,180.22,1697108400000,1038
2023-10-12 12:00:00,382327.0,179.9698,180.27,179.94,180.5595,179.49,1697112000000,8298
2023-10-12 13:00:00,5946995.0,180.3815,179.82,180.93,180.99,179.71,1697115600000,77459
2023-10-12 14:00:00,11185128.0,181.6298,180.93,182.06,182.1499,180.81,1697119200000,176669
2023-10-12 15:00:00,6651272.0,181.8996,182.065,181.94,182.34,180.39,1697122800000,89989
2023-10-12 16:00:00,4669794.0,182.0458,181.94,181.955,182.29,181.7907,1697126400000,47607
2023-10-13 10:00:00,27899.0,180.1726,180.32,180.25,180.37,180.04,1697191200000,539
2023-10-13 11:00:00,49607.0,180.286,180.35,180.25,180.45,180.11,1697194800000,991
2023-10-13 12:00:00,157379.0,180.5953,180.1512,181.05,181.23,180.1,1697198400000,4001
2023-10-13 13:00:00,4885441.0,181.3208,181.03,181.17,181.93,180.92,1697202000000,63480
2023-10-13 14:00:00,7695627.0,180.498,181.15,179.625,181.26,179.3701,1697205600000,129091
2023-10-13 15:00:00,6458812.0,179.0956,179.62,178.61,179.69,178.47,1697209200000,98351
2023-10-13 16:00:00,4443634.0,179.0367,178.6,179.06,179.47,178.5301,1697212800000,42609
2023-10-16 10:00:00,160314.0,176.8332,178.43,177.1,178.43,175.84,1697450400000,2977
2023-10-16 11:00:00,167803.0,177.3115,177.14,177.45,177.85,176.85,1697454000000,2966
2023-10-16 12:00:00,243483.0,177.738,177.29,178.15,179.02,176.8504,1697457600000,5339
2023-10-16 13:00:00,8878854.0,177.4036,178.14,177.8,178.36,176.33,1697461200000,127417
2023-10-16 14:00:00,7384903.0,178.3049,177.81,178.82,178.85,177.34,1697464800000,193066
2023-10-16 15:00:00,5149832.0,178.5537,178.82,178.0301,179.075,176.73,1697468400000,56039
2023-10-16 16:00:00,5116479.0,177.6938,178.035,177.55,178.06,177.28,1697472000000,52773
2023-10-17 10:00:00,18403.0,178.0681,178.05,178.16,178.18,177.97,1697536800000,312
2023-10-17 11:00:00,44407.0,178.105,178.16,178.3,178.3,177.96,1697540400000,780
2023-10-17 12:00:00,284168.0,177.7728,178.1893,177.38,178.44,177.35,1697544000000,4023
2023-10-17 13:00:00,9892748.0,175.8744,177.4003,175.3433,177.5,174.8,1697547600000,123525
2023-10-17 14:00:00,9822885.0,176.3468,175.345,176.66,177.23,175.28,1697551200000,168194
2023-10-17 15:00:00,5853039.0,177.1999,176.665,177.73,177.845,176.491,1697554800000,55174
2023-10-17 16:00:00,4625756.0,178.0742,177.73,178.19,178.42,177.63,1697558400000,47152
2023-10-18 10:00:00,25449.0,175.9301,176.1,175.84,176.12,175.7,1697623200000,485
2023-10-18 11:00:00,79597.0,175.7957,175.98,175.61,176.1,175.45,1697626800000,1483
2023-10-18 12:00:00,207925.0,175.7346,175.99,175.66,176.8,175.41,1697630400000,4129
2023-10-18 13:00:00,6481723.0,176.0928,175.66,176.58,176.65,175.35,1697634000000,88419
2023-10-18 14:00:00,9002430.0,176.6218,176.585,176.14,177.575,175.755,1697637600000,161245
2023-10-18 15:00:00,5610314.0,176.8623,176.14,177.02,177.4,176.12,1697641200000,50770
2023-10-18 16:00:00,4832114.0,176.9077,177.015,176.38,177.53,176.26,1697644800000,48014
2023-10-19 10:00:00,16280.0,175.6163,175.55,175.73,175.79,175.43,1697709600000,321
2023-10-19 11:00:00,66663.0,175.4176,175.71,175.3,175.75,175.19,1697713200000,1439
2023-10-19 12:00:00,228074.0,175.7139,175.64,176.21,176.4,174.78,1697716800000,4993
2023-10-19 13:00:00,6867351.0,176.2318,176.17,176.8401,176.855,175.77,1697720400000,83015
2023-10-19 14:00:00,6478644.0,176.7332,176.85,176.465,177.33,176.16,1697724000000,140752
2023-10-19 15:00:00,5361342.0,176.2419,176.46,176.48,176.72,175.635,1697727600000,51969
2023-10-19 16:00:00,9591483.0,176.6929,176.4724,177.0561,177.762,175.46,1697731200000,76553
2023-10-20 10:00:00,6162.0,174.7809,174.93,174.72,174.93,174.7,1697796000000,161
2023-10-20 11:00:00,35087.0,174.9413,174.71,175.1,175.18,174.7,1697799600000,708
2023-10-20 12:00:00,94246.0,174.8241,174.77,174.68,175.2,174.49,1697803200000,3274
2023-10-20 13:00:00,9227394.0,175.2032,174.77,175.1016,175.8,174.42,1697806800000,88972
2023-10-20 14:00:00,9635478.0,174.1665,175.105,173.365,175.32,173.34,1697810400000,168980
2023-10-20 15:00:00,7903047.0,173.1997,173.36,173.64,173.68,172.64,1697814000000,86099
2023-10-20 16:00:00,5318444.0,173.8171,173.65,174.315,174.36,173.4,1697817600000,50366
2023-10-23 10:00:00,39797.0,170.4303,170.22,170.66,170.7,170.2,1698055200000,956
2023-10-23 11:00:00,132010.0,170.9702,170.6,170.81,171.32,170.6,1698058800000,2878
2023-10-23 12:00:00,287603.0,171.3873,171.04,170.8709,173.08,170.6,1698062400000,6283
2023-10-23 13:00:00,10288580.0,170.7741,170.85,171.3799,171.68,169.93,1698066000000,140128
2023-10-23 14:00:00,8678931.0,171.5929,171.37,172.21,172.23,171.09,1698069600000,194765
2023-10-23 15:00:00,5730629.0,172.5536,172.22,172.58,172.985,172.02,1698073200000,57145
2023-10-23 16:00:00,5361123.0,172.7592,172.6,173.6,173.62,172.28,1698076800000,48004
2023-10-24 10:00:00,8749.0,173.4801,173.78,173.42,173.78,173.31,1698141600000,238
2023-10-24 11:00:00,62463.0,173.4104,173.41,173.3,173.59,173.22,1698145200000,1047
2023-10-24 12:00:00,124841.0,173.2412,173.57,173.3,173.74,173.0099,1698148800000,3110
2023-10-24 13:00:00,6255852.0,172.6214,173.32,172.76,173.34,171.96,1698152400000,99016
2023-10-24 14:00:00,7416692.0,172.3944,172.755,172.53,172.89,171.81,1698156000000,159547
2023-10-24 15:00:00,4500762.0,172.4636,172.5302,172.7402,172.78,172.13,1698159600000,51190
2023-10-24 16:00:00,4411522.0,172.1196,172.76,171.76,173.02,171.45,1698163200000,50276
2023-10-25 10:00:00,5387.0,172.5963,172.51,172.79,172.79,172.41,1698228000000,143
2023-10-25 11:00:00,24640.0,172.7778,172.8,172.51,172.97,172.51,1698231600000,754
2023-10-25 12:00:00,126743.0,172.4888,172.83,172.05,173.19,172.02,1698235200000,3858
2023-10-25 13:00:00,5519912.0,171.4207,172.05,171.27,172.11,170.95,1698238800000,92473
2023-10-25 14:00:00,9346022.0,171.9803,171.28,172.145,172.96,170.83,1698242400000,182442
2023-10-25 15:00:00,5997323.0,172.4763,172.145,171.74,173.06,171.715,1698246000000,63127
2023-10-25 16:00:00,4488415.0,171.6922,171.74,171.92,172.0,171.33,1698249600000,51495
2023-10-26 10:00:00,51079.0,169.6301,169.33,169.51,169.8,169.25,1698314400000,832
2023-10-26 11:00:00,80415.0,169.3559,169.38,169.6,169.61,169.1,1698318000000,1637
2023-10-26 12:00:00,484230.0,170.5513,169.5387,170.6,171.1,168.16,1698321600000,6579
2023-10-26 13:00:00,7423101.0,170.4123,170.66,169.81,171.3775,169.375,1698325200000,113288
2023-10-26 14:00:00,11204895.0,168.7514,169.78,168.315,170.508,167.89,1698328800000,207509
2023-10-26 15:00:00,9486373.0,167.3229,168.31,167.2682,168.415,166.52,1698332400000,111652
2023-10-26 16:00:00,7161722.0,166.394,167.26,166.075,167.32,165.95,1698336000000,89345
2023-10-27 10:00:00,21530.0,167.2973,167.39,167.0,167.52,167.0,1698400800000,742
2023-10-27 11:00:00,97633.0,166.8752,167.12,166.46,167.3,166.46,1698404400000,2009
2023-10-27 12:00:00,345407.0,166.7988,167.02,167.0898,167.47,166.28,1698408000000,6459
2023-10-27 13:00:00,7881462.0,167.5357,167.0865,167.89,168.42,166.65,1698411600000,112315
2023-10-27 14:00:00,8077657.0,168.1035,167.88,168.435,168.77,167.39,1698415200000,170494
2023-10-27 15:00:00,5001115.0,168.524,168.44,168.37,168.96,168.02,1698418800000,56400
2023-10-27 16:00:00,3764885.0,167.8661,168.35,167.42,168.49,167.29,1698422400000,45832
2023-10-30 10:00:00,47411.0,169.088,169.17,169.19,169.22,168.96,1698660000000,621
2023-10-30 11:00:00,43969.0,169.1851,169.14,169.16,169.3,169.1,1698663600000,963
2023-10-30 12:00:00,253868.0,168.7528,169.16,168.58,169.28,168.35,1698667200000,4997
2023-10-30 13:00:00,7544491.0,170.3309,168.56,170.615,171.17,168.37,1698670800000,117151
2023-10-30 14:00:00,8695022.0,169.9107,170.63,169.4414,170.9,169.21,1698674400000,201401
2023-10-30 15:00:00,4714878.0,169.8409,169.44,169.92,170.2,169.425,1698678000000,55415
2023-10-30 16:00:00,3740315.0,169.5002,169.91,169.37,170.0,169.05,1698681600000,45089
2023-10-31 10:00:00,10838.0,169.9554,169.88,169.95,170.15,169.81,1698746400000,399
2023-10-31 11:00:00,83088.0,169.8087,169.91,169.5,170.1,169.5,1698750000000,1419
2023-10-31 12:00:00,301287.0,169.734,169.45,169.09,170.19,168.52,1698753600000,4720
2023-10-31 13:00:00,5431296.0,168.6145,169.09,168.56,169.45,167.9,1698757200000,91267
2023-10-31 14:00:00,6722328.0,169.1746,168.55,169.71,169.87,168.32,1698760800000,150350
2023-10-31 15:00:00,4663675.0,169.3722,169.71,169.76,169.8155,168.845,1698764400000,54511
2023-10-31 16:00:00,3893062.0,169.6992,169.75,169.9958,170.07,169.27,1698768000000,44132
2023-11-01 10:00:00,5937.0,169.9916,170.1,170.03,170.1,169.85,1698832800000,150
2023-11-01 11:00:00,27094.0,169.8042,170.01,169.5,170.1,169.5,1698836400000,543
2023-11-01 12:00:00,205365.0,170.3561,170.1,170.6,170.8082,169.4504,1698840000000,4047
2023-11-01 13:00:00,5560006.0,170.9691,170.5,171.08,171.54,170.12,1698843600000,92717
2023-11-01 14:00:00,8625115.0,171.5375,171.11,171.4579,172.08,170.78,1698847200000,171734
2023-11-01 15:00:00,4493756.0,171.4318,171.46,171.95,172.0,171.0,1698850800000,55997
2023-11-01 16:00:00,3396539.0,171.867,171.945,172.035,172.18,171.61,1698854400000,40972
2023-11-02 10:00:00,30144.0,175.5234,175.48,175.64,175.67,175.33,1698919200000,701
2023-11-02 11:00:00,127914.0,175.7214,175.66,175.63,175.93,175.51,1698922800000,2304
2023-11-02 12:00:00,416057.0,176.0749,175.6026,176.48,176.8,174.755,1698926400000,8160
2023-11-02 13:00:00,7344660.0,176.1608,176.4,176.36,176.79,175.25,1698930000000,110797
2023-11-02 14:00:00,9446542.0,176.8271,176.35,177.44,177.54,175.52,1698933600000,178744
2023-11-02 15:00:00,7439859.0,177.0232,177.44,176.7986,177.66,176.4388,1698937200000,83488
2023-11-02 16:00:00,6666688.0,176.9112,176.8,176.975,177.315,176.41,1698940800000,63682
2023-11-03 10:00:00,60691.0,172.0712,172.09,172.13,172.3,171.88,1699005600000,1075
2023-11-03 11:00:00,651298.0,173.2018,172.02,174.01,174.53,172.0,1699009200000,8753
2023-11-03 12:00:00,2310038.0,174.5058,172.02,174.06,175.3,171.89,1699012800000,23984
2023-11-03 13:00:00,17622542.0,174.9708,174.11,175.35,176.4,173.33,1699016400000,213445
2023-11-03 14:00:00,13437048.0,175.2076,175.36,175.7201,175.94,174.2052,1699020000000,222144
2023-11-03 15:00:00,7267699.0,175.2221,175.725,175.4301,175.79,174.6,1699023600000,83429
2023-11-03 16:00:00,7425003.0,176.0771,175.44,176.1993,176.49,175.309,1699027200000,74355
2023-11-06 10:00:00,10913.0,176.9068,176.95,176.86,176.98,176.8,1699264800000,366
2023-11-06 11:00:00,20301.0,176.7309,176.79,176.83,176.83,176.58,1699268400000,601
2023-11-06 12:00:00,144562.0,176.5408,176.8,176.41,176.83,176.32,1699272000000,2381
2023-11-06 13:00:00,2505172.0,176.6135,176.8,176.3,177.2,176.07,1699275600000,6109
2023-11-06 14:00:00,11266270.0,177.6791,176.23,178.58,178.75,176.01,1699279200000,149087
2023-11-06 15:00:00,9569604.0,178.425,178.59,178.755,179.06,177.9,1699282800000,211644
2023-11-06 16:00:00,6799666.0,179.1049,178.75,179.26,179.43,178.72,1699286400000,65406
2023-11-07 10:00:00,8382.0,178.4727,178.4,178.49,178.68,178.4,1699351200000,184
2023-11-07 11:00:00,38064.0,178.2895,178.5,178.41,178.5,178.22,1699354800000,474
2023-11-07 12:00:00,42496.0,178.5189,178.5,178.66,178.69,178.33,1699358400000,874
2023-11-07 13:00:00,2281444.0,179.2013,178.48,178.85,178.97,178.36,1699362000000,3251
2023-11-07 14:00:00,8794464.0,179.6646,178.85,180.195,180.53,178.65,1699365600000,115117
2023-11-07 15:00:00,9733906.0,180.6435,180.19,181.215,181.27,180.14,1699369200000,172943
2023-11-07 16:00:00,6287323.0,181.3753,181.215,181.47,181.64,181.08,1699372800000,64992
2023-11-08 10:00:00,18616.0,181.9065,181.88,181.9,181.98,181.82,1699437600000,283
2023-11-08 11:00:00,21602.0,181.8786,181.9,181.84,181.9,181.81,1699441200000,307
2023-11-08 12:00:00,49816.0,181.7302,181.82,181.85,181.85,181.61,1699444800000,1004
2023-11-08 13:00:00,147883.0,181.7763,181.7,181.53,182.06,181.39,1699448400000,3562
2023-11-08 14:00:00,8436834.0,182.945,181.56,182.96,183.45,181.51,1699452000000,114073
2023-11-08 15:00:00,8513414.0,182.7266,182.98,182.58,183.33,182.2851,1699455600000,162724
2023-11-08 16:00:00,5442428.0,182.3566,182.585,182.01,182.85,182.0,1699459200000,55382
2023-11-09 10:00:00,14061.0,182.3441,182.11,182.4,182.48,182.1,1699524000000,273
2023-11-09 11:00:00,11763.0,182.221,182.34,182.11,182.34,182.11,1699527600000,345
2023-11-09 12:00:00,63826.0,182.4609,182.22,182.39,182.6,182.2,1699531200000,890
2023-11-09 13:00:00,128993.0,182.383,182.6,182.6486,182.8,182.16,1699534800000,3104
2023-11-09 14:00:00,5850573.0,183.0927,182.6,183.299,183.55,182.4029,1699538400000,89265
2023-11-09 15:00:00,6698792.0,182.9435,183.29,183.36,183.415,182.48,1699542000000,139664
2023-11-09 16:00:00,6760565.0,183.7142,183.35,183.97,184.12,183.325,1699545600000,63805
2023-11-10 10:00:00,14009.0,182.0652,182.17,182.16,182.17,181.92,1699610400000,266
2023-11-10 11:00:00,13896.0,182.0419,182.1,182.04,182.17,181.89,1699614000000,270
2023-11-10 12:00:00,63036.0,182.5991,182.05,182.99,183.0,182.04,1699617600000,1384
2023-11-10 13:00:00,174619.0,182.9995,182.07,183.37,183.45,181.71,1699621200000,4652
2023-11-10 14:00:00,8016788.0,184.2813,183.3603,184.18,184.79,183.21,1699624800000,113436
2023-11-10 15:00:00,7904978.0,184.0458,184.17,184.32,184.49,183.53,1699628400000,155444
2023-11-10 16:00:00,5488732.0,184.7016,184.33,184.73,184.94,184.3,1699632000000,55604
2023-11-13 10:00:00,11891.0,185.6355,185.6,185.75,185.75,185.55,1699869600000,336
2023-11-13 11:00:00,21051.0,185.6105,185.74,185.7,185.75,185.47,1699873200000,552
2023-11-13 12:00:00,152667.0,186.1091,185.7,186.13,186.4,185.7,1699876800000,3154
2023-11-13 13:00:00,187845.0,185.8666,185.7519,185.69,186.39,185.03,1699880400000,5130
2023-11-13 14:00:00,6821406.0,185.0247,185.7,184.6,186.03,184.27,1699884000000,110820
2023-11-13 15:00:00,6874614.0,184.628,184.6,184.645,184.97,184.21,1699887600000,183109
2023-11-13 16:00:00,4990265.0,184.9357,184.64,184.79,185.14,184.64,1699891200000,51300
2023-11-14 10:00:00,16663.0,185.0983,185.12,185.0,185.28,185.0,1699956000000,311
2023-11-14 11:00:00,3014.0,185.0304,185.05,185.05,185.07,185.0,1699959600000,74
2023-11-14 12:00:00,25410.0,185.0659,185.15,185.05,185.2,185.0,1699963200000,569
2023-11-14 13:00:00,3212375.0,185.2434,185.06,187.8,188.1,184.97,1699966800000,12416
2023-11-14 14:00:00,9321604.0,187.0364,187.75,187.26,187.96,186.3,1699970400000,99885
2023-11-14 15:00:00,7207202.0,187.2783,187.265,187.025,187.52,186.85,1699974000000,183443
2023-11-14 16:00:00,4774016.0,186.8303,187.03,186.66,187.16,186.41,1699977600000,53756
2023-11-15 10:00:00,11120.0,187.9311,187.8,188.01,188.05,187.8,1700042400000,349
2023-11-15 11:00:00,6617.0,187.9823,187.95,188.0,188.09,187.95,1700046000000,258
2023-11-15 12:00:00,119572.0,188.2847,187.97,188.3,188.52,187.97,1700049600000,2043
2023-11-15 13:00:00,1424333.0,187.5665,188.1009,187.86,188.88,187.44,1700053200000,6726
2023-11-15 14:00:00,6630082.0,188.2281,187.89,188.24,188.7,187.44,1700056800000,97548
2023-11-15 15:00:00,7729482.0,188.451,188.225,189.175,189.24,187.85,1700060400000,160255
2023-11-15 16:00:00,6684935.0,189.1199,189.175,188.759,189.5,188.61,1700064000000,71689
2023-11-16 10:00:00,11352.0,188.3182,188.22,188.3,188.4,188.21,1700128800000,175
2023-11-16 11:00:00,29572.0,188.0867,188.26,188.05,188.3,187.9,1700132400000,689
2023-11-16 12:00:00,91767.0,188.0189,188.21,188.2,188.3,187.7,1700136000000,2036
2023-11-16 13:00:00,326684.0,188.5606,188.15,189.12,189.18,187.81,1700139600000,6060
2023-11-16 14:00:00,13551659.0,190.1324,189.13,190.69,190.96,188.92,1700143200000,153801
2023-11-16 15:00:00,8430058.0,189.9251,190.685,189.455,190.85,189.01,1700146800000,171556
2023-11-16 16:00:00,5630495.0,189.1251,189.46,189.29,189.57,188.72,1700150400000,66284
2023-11-17 10:00:00,19324.0,190.2193,190.06,190.15,190.31,190.06,1700215200000,387
2023-11-17 11:00:00,13904.0,190.0484,190.15,190.0,190.18,189.82,1700218800000,302
2023-11-17 12:00:00,50816.0,190.1103,190.08,190.1,190.29,190.0,1700222400000,1057
2023-11-17 13:00:00,191816.0,190.0793,190.15,189.95,190.39,189.63,1700226000000,4165
2023-11-17 14:00:00,8970240.0,189.9647,189.91,189.77,190.4,189.14,1700229600000,92144
2023-11-17 15:00:00,8223411.0,189.2528,189.77,189.5709,189.78,188.57,1700233200000,159201
2023-11-17 16:00:00,4531291.0,189.0982,189.57,189.245,189.6,188.82,1700236800000,50252
2023-11-20 10:00:00,21888.0,189.5724,189.55,189.67,189.68,189.5,1700474400000,455
2023-11-20 11:00:00,15119.0,189.6756,189.67,189.59,189.88,189.58,1700478000000,543
2023-11-20 12:00:00,33482.0,189.5373,189.67,189.5,189.68,189.4,1700481600000,827
2023-11-20 13:00:00,218085.0,189.9418,189.68,190.15,190.25,189.13,1700485200000,4625
2023-11-20 14:00:00,6908297.0,190.9757,190.13,191.22,191.669,189.55,1700488800000,109772
2023-11-20 15:00:00,6387227.0,190.8466,191.22,191.1121,191.3687,190.43,1700492400000,178294
2023-11-20 16:00:00,4002881.0,191.1781,191.12,191.3199,191.37,191.0101,1700496000000,47702
2023-11-21 10:00:00,677.0,191.1882,191.2,191.18,191.2,191.18,1700560800000,28
2023-11-21 11:00:00,24465.0,191.0895,191.2,191.13,191.25,190.92,1700564400000,651
2023-11-21 12:00:00,36965.0,191.2702,191.15,191.15,191.44,191.05,1700568000000,898
2023-11-21 13:00:00,197835.0,190.9654,191.15,190.6,191.54,190.59,1700571600000,4333
2023-11-21 14:00:00,5301062.0,191.0209,190.58,190.82,191.52,190.495,1700575200000,81565
2023-11-21 15:00:00,6697967.0,190.525,190.835,190.2475,191.4601,190.07,1700578800000,143852
2023-11-21 16:00:00,4067258.0,189.9956,190.25,190.2219,191.4601,189.74,1700582400000,45818
2023-11-22 10:00:00,12765.0,190.6908,190.51,190.88,190.98,190.5,1700647200000,325
2023-11-22 11:00:00,11826.0,190.8106,190.8,190.7,190.94,190.69,1700650800000,286
2023-11-22 12:00:00,69757.0,190.9831,190.7,191.02,191.15,190.69,1700654400000,1422
2023-11-22 13:00:00,159660.0,190.9934,190.72,191.1785,191.18,190.1,1700658000000,3328
2023-11-22 14:00:00,7818962.0,192.2796,191.15,191.9125,192.93,191.11,1700661600000,101140
2023-11-22 15:00:00,6286072.0,191.8295,191.92,191.45,192.37,191.39,1700665200000,145080
2023-11-22 16:00:00,3527773.0,191.6689,191.455,191.6623,191.865,191.44,1700668800000,38504
2023-11-24 10:00:00,9966.0,191.057,191.08,191.1,191.1,190.97,1700820000000,209
2023-11-24 11:00:00,15038.0,190.8689,191.1,190.76,191.1,190.72,1700823600000,351
2023-11-24 12:00:00,30381.0,190.7768,190.8,190.77,190.9,190.67,1700827200000,559
2023-11-24 13:00:00,95854.0,190.7864,190.7989,190.85,191.35,190.59,1700830800000,2501
2023-11-24 14:00:00,4580607.0,190.1941,190.88,190.0,190.9,189.69,1700834400000,83580
2023-11-24 15:00:00,5631990.0,189.5619,189.99,189.485,190.09,189.25,1700838000000,146932
2023-11-24 16:00:00,4455572.0,189.5648,189.49,189.6,189.7889,189.35,1700841600000,44709
2023-11-27 10:00:00,5547.0,189.4426,189.27,189.51,189.51,189.27,1701079200000,156
2023-11-27 11:00:00,6603.0,189.4319,189.55,189.4,189.55,189.38,1701082800000,174
2023-11-27 12:00:00,31703.0,189.5858,189.4,189.63,189.7,189.39,1701086400000,708
2023-11-27 13:00:00,137893.0,189.7814,189.67,189.61,190.07,188.9,1701090000000,3262
2023-11-27 14:00:00,5220690.0,189.5324,189.6634,189.25,190.39,188.9,1701093600000,94079
2023-11-27 15:00:00,4968404.0,189.3572,189.25,189.335,189.91,189.01,1701097200000,172136
2023-11-27 16:00:00,4747727.0,189.7041,189.33,190.27,190.42,189.045,1701100800000,53715
2023-11-28 10:00:00,7849.0,189.8734,189.87,189.98,189.98,189.86,1701165600000,86
2023-11-28 11:00:00,18323.0,189.9659,190.0,189.89,190.13,189.89,1701169200000,523
2023-11-28 12:00:00,35710.0,189.9204,190.01,189.63,190.07,189.63,1701172800000,866
2023-11-28 13:00:00,382586.0,189.7822,190.05,190.08,190.1,189.41,1701176400000,3282
2023-11-28 14:00:00,4190413.0,189.7715,190.06,189.72,190.27,189.4,1701180000000,73842
2023-11-28 15:00:00,5977932.0,190.1439,189.715,190.145,190.61,189.715,1701183600000,137403
2023-11-28 16:00:00,4426586.0,190.6766,190.145,190.71,191.08,190.08,1701187200000,49386
2023-11-29 10:00:00,4545.0,190.3116,190.3,190.26,190.38,190.26,1701252000000,159
2023-11-29 11:00:00,14347.0,190.249,190.22,190.46,190.46,190.17,1701255600000,377
2023-11-29 12:00:00,99901.0,190.4748,190.4,190.47,190.68,190.28,1701259200000,1678
2023-11-29 13:00:00,190529.0,190.6894,190.36,190.7,191.03,189.72,1701262800000,4387
2023-11-29 14:00:00,5289193.0,191.6618,190.76,191.74,192.09,190.4434,1701266400000,61224
2023-11-29 15:00:00,5818225.0,191.0129,191.74,190.925,191.82,190.6,1701270000000,176454
2023-11-29 16:00:00,4948698.0,190.2711,190.935,189.92,190.955,189.9103,1701273600000,50865
2023-11-30 10:00:00,1953.0,189.4696,189.45,189.44,189.5,189.44,1701338400000,43
2023-11-30 11:00:00,7530.0,189.4707,189.51,189.4,189.52,189.38,1701342000000,145
2023-11-30 12:00:00,39055.0,189.9052,189.56,189.98,190.05,189.56,1701345600000,706
2023-11-30 13:00:00,764711.0,189.4902,189.61,189.72,190.2,189.51,1701349200000,3326
2023-11-30 14:00:00,4477765.0,189.572,189.7,189.205,190.32,189.05,1701352800000,50343
2023-11-30 15:00:00,6124985.0,188.8395,189.21,188.76,189.35,188.34,1701356400000,176806
2023-11-30 16:00:00,3838348.0,188.4726,188.75,188.24,188.919,188.19,1701360000000,50366
2023-12-01 10:00:00,8712.0,189.9862,190.08,189.87,190.1,189.87,1701424800000,176
2023-12-01 11:00:00,3765.0,189.9565,189.85,189.95,190.06,189.85,1701428400000,93
2023-12-01 12:00:00,52767.0,189.7732,189.95,189.61,189.97,189.55,1701432000000,713
2023-12-01 13:00:00,91876.0,189.7255,189.75,189.54,190.15,189.51,1701435600000,2530
2023-12-01 14:00:00,4797590.0,189.8938,189.54,189.96,190.49,189.23,1701439200000,54327
2023-12-01 15:00:00,6037857.0,190.2272,189.97,190.34,190.5,189.913,1701442800000,184497
2023-12-01 16:00:00,6581219.0,190.7717,190.35,191.04,191.25,190.18,1701446400000,73205
2023-12-04 10:00:00,15806.0,190.2667,190.3,190.18,190.36,190.16,1701684000000,226
2023-12-04 11:00:00,20150.0,190.1092,190.2,190.0,190.33,190.0,1701687600000,366
2023-12-04 12:00:00,59864.0,190.0496,190.09,190.22,190.25,189.78,1701691200000,1104
2023-12-04 13:00:00,149689.0,190.0638,190.11,189.9051,191.24,189.76,1701694800000,3536
2023-12-04 14:00:00,6501287.0,189.5144,189.86,189.3972,190.05,188.93,1701698400000,75445
2023-12-04 15:00:00,7536712.0,188.4967,189.4,188.03,189.64,187.75,1701702000000,241724
2023-12-04 16:00:00,4916602.0,187.9025,188.02,188.3601,188.42,187.4511,1701705600000,61493
2023-12-05 10:00:00,83886.0,188.4356,188.6,188.67,188.77,188.0,1701770400000,1143
2023-12-05 11:00:00,46234.0,188.7142,188.76,188.57,188.86,188.56,1701774000000,712
2023-12-05 12:00:00,176371.0,189.5356,188.64,190.26,190.5,188.61,1701777600000,3021
2023-12-05 13:00:00,224059.0,190.0886,188.605,190.05,190.49,188.15,1701781200000,5131
2023-12-05 14:00:00,13315815.0,192.3001,190.06,192.69,193.35,189.84,1701784800000,133767
2023-12-05 15:00:00,12978943.0,193.7655,192.66,194.26,194.36,192.61,1701788400000,240119
2023-12-05 16:00:00,6880740.0,193.5609,194.265,193.2141,194.4,192.62,1701792000000,73632
2023-12-06 10:00:00,6722.0,193.6703,193.55,193.66,193.78,193.55,1701856800000,156
2023-12-06 11:00:00,20398.0,193.4707,193.64,193.45,193.69,193.3,1701860400000,512
2023-12-06 12:00:00,49673.0,193.3948,193.45,193.53,193.55,193.25,1701864000000,992
2023-12-06 13:00:00,256120.0,193.7905,193.5,194.04,194.05,193.25,1701867600000,5312
2023-12-06 14:00:00,6500297.0,193.6771,194.04,193.15,194.76,192.96,1701871200000,70235
2023-12-06 15:00:00,6548362.0,192.6915,193.14,192.6529,193.165,192.205,1701874800000,180993
2023-12-06 16:00:00,4209641.0,192.9037,192.67,193.04,193.34,192.47,1701878400000,47431
2023-12-07 10:00:00,14757.0,192.3193,192.39,192.4,192.4,192.12,1701943200000,330
2023-12-07 11:00:00,5335.0,192.3088,192.27,192.29,192.36,192.22,1701946800000,97
2023-12-07 12:00:00,13707.0,192.3462,192.3,192.35,192.43,192.25,1701950400000,263
2023-12-07 13:00:00,135138.0,192.7059,192.26,192.94,193.17,191.88,1701954000000,3469
2023-12-07 14:00:00,8204551.0,194.2508,193.0,193.89,194.92,192.93,1701957600000,74266
2023-12-07 15:00:00,6422747.0,194.6247,193.89,194.7937,194.98,193.88,1701961200000,177593
2023-12-07 16:00:00,4386176.0,194.5641,194.8,194.87,194.9,194.02,1701964800000,52893
2023-12-08 10:00:00,8552.0,194.2413,194.13,194.23,194.3,194.13,1702029600000,177
2023-12-08 11:00:00,17778.0,194.2122,194.22,194.0,194.33,194.0,1702033200000,287
2023-12-08 12:00:00,25238.0,193.8823,193.9,194.05,194.05,193.78,1702036800000,547
2023-12-08 13:00:00,395476.0,193.9147,193.85,194.1,194.39,193.44,1702040400000,6375
2023-12-08 14:00:00,6380426.0,194.0984,194.11,193.82,194.55,193.65,1702044000000,59321
2023-12-08 15:00:00,7135322.0,194.6256,193.82,194.9799,195.0,193.82,1702047600000,184266
2023-12-08 16:00:00,4102574.0,194.6471,194.975,194.4501,195.0,194.271,1702051200000,47639
2023-12-11 10:00:00,38845.0,194.7884,194.83,194.64,194.85,194.61,1702288800000,568
2023-12-11 11:00:00,22212.0,194.5833,194.66,194.7,194.7,194.46,1702292400000,510
2023-12-11 12:00:00,125992.0,195.114,194.75,194.95,195.5,194.74,1702296000000,2096
2023-12-11 13:00:00,273564.0,194.8989,194.98,194.91,195.4763,194.48,1702299600000,5080
2023-12-11 14:00:00,13018277.0,193.0,194.91,192.89,195.19,191.54,1702303200000,131647
2023-12-11 15:00:00,9497034.0,192.2444,192.9,191.96,193.04,191.705,1702306800000,254138
2023-12-11 16:00:00,7254982.0,191.8538,191.965,191.98,192.225,191.42,1702310400000,69689
2023-12-12 10:00:00,41377.0,192.562,192.8,192.54,192.84,192.29,1702375200000,669
2023-12-12 11:00:00,6075.0,192.705,192.54,192.64,192.85,192.54,1702378800000,118
2023-12-12 12:00:00,60448.0,192.9543,192.74,193.12,193.24,192.65,1702382400000,1185
2023-12-12 13:00:00,1118048.0,193.0669,192.73,192.5,193.55,192.23,1702386000000,6133
2023-12-12 14:00:00,6479190.0,192.3749,192.55,192.415,193.39,191.721,1702389600000,67841
2023-12-12 15:00:00,6991844.0,192.9498,192.4186,193.21,193.42,192.26,1702393200000,175871
2023-12-12 16:00:00,4211347.0,193.3237,193.215,193.435,193.62,193.13,1702396800000,46904
2023-12-13 10:00:00,13664.0,194.4964,194.65,194.51,194.65,194.41,1702461600000,287
2023-12-13 11:00:00,67931.0,195.017,194.51,195.36,195.36,194.51,1702465200000,1150
2023-12-13 12:00:00,61464.0,195.2063,195.18,195.4,195.46,195.0,1702468800000,1168
2023-12-13 13:00:00,399787.0,195.793,195.1,195.89,196.19,194.53,1702472400000,6908
2023-12-13 14:00:00,7775409.0,195.8027,195.83,195.91,196.58,194.71,1702476000000,79597
2023-12-13 15:00:00,7551885.0,196.3196,195.9,196.322,196.7381,195.8,1702479600000,184114
2023-12-13 16:00:00,5628705.0,196.0677,196.33,195.9501,196.46,195.65,1702483200000,55447
2023-12-14 10:00:00,22116.0,198.1408,197.99,198.19,198.28,197.91,1702548000000,514
2023-12-14 11:00:00,25154.0,197.9395,198.09,197.95,198.1,197.78,1702551600000,674
2023-12-14 12:00:00,89167.0,198.0464,197.98,198.0,198.15,197.93,1702555200000,1757
2023-12-14 13:00:00,312394.0,198.1169,197.98,198.26,198.97,197.9,1702558800000,5568
2023-12-14 14:00:00,11402194.0,199.0151,198.26,199.2,199.62,197.5,1702562400000,104451
2023-12-14 15:00:00,10782650.0,199.1049,199.19,199.12,199.6,198.0716,1702566000000,215101
2023-12-14 16:00:00,8283646.0,198.3545,199.125,197.7979,199.27,197.76,1702569600000,77058
2023-12-15 10:00:00,12340.0,198.2362,198.25,198.25,198.3,198.16,1702634400000,331
2023-12-15 11:00:00,7983.0,198.2826,198.25,198.25,198.34,198.25,1702638000000,188
2023-12-15 12:00:00,52704.0,197.9201,198.26,197.7,198.26,197.46,1702641600000,1252
2023-12-15 13:00:00,202610.0,198.0377,198.2501,198.15,198.77,197.5,1702645200000,4581
2023-12-15 14:00:00,23279697.0,197.4676,198.2,197.885,198.5,196.66,1702648800000,80793
2023-12-15 15:00:00,7615397.0,197.9122,197.89,197.677,198.3999,197.42,1702652400000,127920
2023-12-15 16:00:00,4742709.0,197.7004,197.68,197.935,198.02,197.35,1702656000000,56591
2023-12-18 10:00:00,14606.0,196.0143,195.8,196.05,196.2,195.8,1702893600000,419
2023-12-18 11:00:00,17672.0,196.1143,196.07,196.21,196.31,195.95,1702897200000,398
2023-12-18 12:00:00,48527.0,196.3285,196.32,196.48,196.5,196.12,1702900800000,1391
2023-12-18 13:00:00,1690040.0,197.3958,196.44,196.22,196.5,193.5,1702904400000,5092
2023-12-18 14:00:00,9707776.0,195.2364,196.22,194.925,196.63,194.39,1702908000000,113820
2023-12-18 15:00:00,8625856.0,195.0863,194.95,194.96,195.59,194.62,1702911600000,246738
2023-12-18 16:00:00,5178656.0,194.8728,194.95,194.835,195.29,194.65,1702915200000,60807
2023-12-19 10:00:00,2060.0,195.8875,195.9,195.85,195.94,195.8,1702980000000,99
2023-12-19 11:00:00,21084.0,195.9462,195.83,196.17,196.19,195.75,1702983600000,501
2023-12-19 12:00:00,78972.0,196.2091,196.07,196.5,196.52,195.98,1702987200000,1433
2023-12-19 13:00:00,1001041.0,196.0838,195.89,196.65,197.0,195.51,1702990800000,5289
2023-12-19 14:00:00,5354270.0,196.2617,196.55,196.5782,196.655,195.89,1702994400000,58741
2023-12-19 15:00:00,5434001.0,196.4937,196.58,196.725,196.84,196.05,1702998000000,168694
2023-12-19 16:00:00,3931499.0,196.6241,196.725,196.285,196.95,196.21,1703001600000,47697
2023-12-20 10:00:00,14232.0,195.8917,195.97,195.99,195.99,195.81,1703066400000,360
2023-12-20 11:00:00,17583.0,196.0246,195.99,196.0,196.12,195.86,1703070000000,414
2023-12-20 12:00:00,50732.0,196.0776,196.0,196.04,196.25,195.89,1703073600000,1170
2023-12-20 13:00:00,98391.0,196.2097,196.04,196.14,196.9,195.9799,1703077200000,3271
2023-12-20 14:00:00,6175014.0,197.2177,196.14,197.52,197.68,195.95,1703080800000,67109
2023-12-20 15:00:00,4874062.0,197.4321,197.51,197.385,197.665,197.23,1703084400000,171834
2023-12-20 16:00:00,3804400.0,197.2541,197.385,197.3037,197.44,197.01,1703088000000,49830
2023-12-21 10:00:00,7267.0,195.8318,195.93,195.79,195.94,195.75,1703152800000,161
2023-12-21 11:00:00,6867.0,195.8797,195.86,195.84,195.99,195.79,1703156400000,625
2023-12-21 12:00:00,33788.0,195.9094,195.89,195.85,195.99,195.81,1703160000000,653
2023-12-21 13:00:00,219224.0,196.0724,195.9,196.05,196.49,195.5,1703163600000,4746
2023-12-21 14:00:00,5056140.0,196.4627,196.08,195.78,197.08,195.68,1703167200000,56747
2023-12-21 15:00:00,7680419.0,195.0771,195.78,194.44,195.82,194.29,1703170800000,192964
2023-12-21 16:00:00,4418808.0,194.6816,194.435,194.49,194.97,194.34,1703174400000,54866
2023-12-22 10:00:00,14380.0,194.4075,194.21,194.53,194.56,194.15,1703239200000,349
2023-12-22 11:00:00,6492.0,194.6415,194.59,194.69,194.69,194.58,1703242800000,213
2023-12-22 12:00:00,34660.0,194.8998,194.74,194.94,194.99,194.74,1703246400000,606
2023-12-22 13:00:00,215780.0,194.9665,194.665,195.18,195.2,194.1,1703250000000,4318
2023-12-22 14:00:00,4721948.0,194.9686,195.18,195.235,195.41,194.425,1703253600000,54317
2023-12-22 15:00:00,5152309.0,194.6997,195.23,194.345,195.29,194.33,1703257200000,178719
2023-12-22 16:00:00,3736745.0,194.1968,194.34,194.13,194.38,194.01,1703260800000,48300
2023-12-26 10:00:00,2352.0,193.8662,193.83,193.84,193.92,193.83,1703584800000,78
2023-12-26 11:00:00,1735.0,193.8662,193.89,193.87,193.89,193.83,1703588400000,97
2023-12-26 12:00:00,20712.0,193.7941,193.85,193.87,193.88,193.7,1703592000000,719
2023-12-26 13:00:00,123432.0,193.6377,193.85,193.5294,194.02,193.116,1703595600000,4542
2023-12-26 14:00:00,4396803.0,193.4768,193.53,193.25,193.89,192.98,1703599200000,59846
2023-12-26 15:00:00,4155289.0,193.1539,193.255,193.225,193.44,192.89,1703602800000,210467
2023-12-26 16:00:00,2660270.0,193.0975,193.228,193.225,193.3,192.89,1703606400000,41372
2023-12-27 10:00:00,2194.0,192.8223,192.8,192.86,192.86,192.8,1703671200000,75
2023-12-27 11:00:00,4623.0,192.8163,192.81,192.82,192.83,192.8,1703674800000,152
2023-12-27 12:00:00,14436.0,192.8951,192.85,192.91,192.98,192.82,1703678400000,422
2023-12-27 13:00:00,302762.0,193.0278,192.8214,192.9133,193.05,192.8,1703682000000,3313
2023-12-27 14:00:00,4347697.0,192.6136,192.94,192.45,192.99,192.0,1703685600000,57862
2023-12-27 15:00:00,7267166.0,191.6849,192.455,191.67,192.54,191.1,1703689200000,201496
2023-12-27 16:00:00,6171992.0,191.7066,191.6788,192.1442,192.18,191.09,1703692800000,65599
2023-12-28 10:00:00,8175.0,193.7543,193.6,193.8,193.83,193.6,1703757600000,208
2023-12-28 11:00:00,4176.0,193.816,193.83,193.73,193.85,193.73,1703761200000,105
2023-12-28 12:00:00,24788.0,193.6568,193.75,193.64,193.75,193.56,1703764800000,651
2023-12-28 13:00:00,99635.0,193.6607,193.69,193.65,193.76,193.5142,1703768400000,3352
2023-12-28 14:00:00,5200091.0,194.302,193.63,194.095,194.66,193.4,1703772000000,56345
2023-12-28 15:00:00,4923855.0,194.1556,194.095,194.21,194.48,193.73,1703775600000,166852
2023-12-28 16:00:00,3054197.0,194.0941,194.2112,194.13,194.22,193.89,1703779200000,52324
2023-12-29 10:00:00,1125.0,193.7213,193.74,193.67,193.75,193.67,1703844000000,34
2023-12-29 11:00:00,3651.0,193.7246,193.75,193.75,193.75,193.67,1703847600000,80
2023-12-29 12:00:00,26469.0,193.7376,193.8,193.73,193.86,193.6,1703851200000,546
2023-12-29 13:00:00,77024.0,193.7592,193.72,193.93,193.95,193.56,1703854800000,2065
2023-12-29 14:00:00,3093594.0,193.7974,193.93,193.505,194.4,193.4301,1703858400000,40655
2023-12-29 15:00:00,3974474.0,193.1743,193.505,192.755,193.55,192.6646,1703862000000,172172
2023-12-29 16:00:00,4184810.0,192.2722,192.76,192.3201,192.8667,191.89,1703865600000,56122
2024-01-02 10:00:00,29855.0,190.002,190.0,189.76,190.24,189.7,1704189600000,1305
2024-01-02 11:00:00,121577.0,189.2501,189.68,188.94,189.68,188.8,1704193200000,3305
2024-01-02 12:00:00,174909.0,189.0329,189.02,188.4,189.65,188.4,1704196800000,4993
2024-01-02 13:00:00,555948.0,188.4356,189.03,188.1,192.53,187.78,1704200400000,16181
2024-01-02 14:00:00,15397513.0,187.3263,188.1,186.52,188.54,186.01,1704204000000,185413
2024-01-02 15:00:00,9904449.0,186.0725,186.52,185.89,187.0999,185.1843,1704207600000,293957
2024-01-02 16:00:00,7086716.0,186.6913,185.88,186.7443,187.35,185.87,1704211200000,102781
