marketHigh,marketLow,marketAverage,marketVolume,marketNotional,marketNumberOfTrades,marketOpen,marketClose,date,symbol,region,high,low,average,notional,open,close,volume,numberOfTrades,minute,label,changeOverTime,marketChangeOverTime
192.8799,192.42,192.66,1498807.0,288512224.11,10041.0,192.49,192.75,2023-12-27,AAPL,US,192.87,192.47,192.718,1676645.5,192.47,192.76,8700.0,68.0,09:30,09:30 AM,,
192.85,192.5401,192.67,232167.0,44730974.01,2751.0,192.75,192.705,2023-12-27,AAPL,US,,,,,,,,,09:31,09:31 AM,,
192.7,192.36,192.49,235842.0,45397385.99,2986.0,192.7,192.3899,2023-12-27,AAPL,US,192.685,192.365,192.573,1502069.5,192.675,192.39,7800.0,32.0,09:32,09:32 AM,,
192.68,192.36,192.5,211128.0,40644141.9,2501.0,192.3901,192.59,2023-12-27,AAPL,US,192.545,192.38,192.446,731295.5,192.41,192.545,3800.0,24.0,09:33,09:33 AM,,
192.63,192.48,192.54,133154.0,25638161.94,1943.0,192.58,192.5742,2023-12-27,AAPL,US,192.61,192.51,192.547,712423.5,192.61,192.595,3700.0,23.0,09:34,09:34 AM,,
192.74,192.47,192.56,169885.0,32713987.74,2284.0,192.5703,192.731,2023-12-27,AAPL,US,192.605,192.49,192.54,712399.0,192.57,192.605,3700.0,26.0,09:35,09:35 AM,,
192.84,192.69,192.76,144573.0,27868111.45,2094.0,192.7368,192.79,2023-12-27,AAPL,US,192.835,192.71,192.769,501199.5,192.74,192.805,2600.0,21.0,09:36,09:36 AM,,
192.8382,192.71,192.77,126713.0,24426132.27,1746.0,192.79,192.823,2023-12-27,AAPL,US,192.815,192.72,192.764,173487.5,192.77,192.815,900.0,9.0,09:37,09:37 AM,,
192.8276,192.64,192.74,109764.0,21154667.27,1553.0,192.825,192.77,2023-12-27,AAPL,US,192.82,192.69,192.775,231330.5,192.79,192.69,1200.0,12.0,09:38,09:38 AM,,
192.78,192.63,192.7,73222.0,14109819.99,1176.0,192.78,192.72,2023-12-27,AAPL,US,192.76,192.67,192.703,134892.0,192.74,192.685,700.0,7.0,09:39,09:39 AM,,
192.81,192.66,192.74,101237.0,19513068.72,1420.0,192.72,192.7699,2023-12-27,AAPL,US,192.785,192.67,192.749,192748.5,192.71,192.78,1000.0,10.0,09:40,09:40 AM,,
192.79,192.675,192.73,95541.0,18413403.03,1433.0,192.7601,192.7624,2023-12-27,AAPL,US,,,,,,,,,09:41,09:41 AM,,
192.78,192.734,192.76,75485.0,14550447.74,1230.0,192.765,192.765,2023-12-27,AAPL,US,192.78,192.735,192.761,327694.5,192.745,192.755,1700.0,16.0,09:42,09:42 AM,,
192.83,192.77,192.8,77960.0,15030498.97,1233.0,192.77,192.8,2023-12-27,AAPL,US,192.82,192.775,192.798,250637.5,192.82,192.795,1300.0,12.0,09:43,09:43 AM,,
192.8972,192.8,192.86,114002.0,21986726.85,1409.0,192.8,192.8699,2023-12-27,AAPL,US,192.89,192.805,192.864,366441.0,192.81,192.87,1900.0,16.0,09:44,09:44 AM,,
192.877,192.74,192.78,112692.0,21724658.99,1584.0,192.862,192.775,2023-12-27,AAPL,US,192.865,192.745,192.774,385547.0,192.85,192.775,2000.0,16.0,09:45,09:45 AM,,
192.7799,192.6,192.67,118307.0,22793628.7,1609.0,192.7799,192.6401,2023-12-27,AAPL,US,192.7,192.62,192.674,327546.0,192.7,192.63,1700.0,12.0,09:46,09:46 AM,,
192.69,192.605,192.65,69856.0,13457914.12,1073.0,192.645,192.66,2023-12-27,AAPL,US,,,,,,,,,09:47,09:47 AM,,
192.745,192.65,192.7,62561.0,12055403.65,937.0,192.65,192.745,2023-12-27,AAPL,US,192.715,192.65,192.693,134885.0,192.65,192.71,700.0,7.0,09:48,09:48 AM,,
192.75,192.675,192.7,60643.0,11686134.09,970.0,192.75,192.679,2023-12-27,AAPL,US,,,,,,,,,09:49,09:49 AM,,
192.69,192.52,192.6,130711.0,25174087.77,1730.0,192.68,192.585,2023-12-27,AAPL,US,192.705,192.685,192.694,250502.0,192.705,192.69,1300.0,7.0,09:50,09:50 AM,,
192.6232,192.49,192.53,80326.0,15464925.6,1279.0,192.585,192.6232,2023-12-27,AAPL,US,192.585,192.5,192.532,712368.0,192.585,192.5,3700.0,24.0,09:51,09:51 AM,,
192.7011,192.48,192.55,90340.0,17394322.5,1179.0,192.4991,192.567,2023-12-27,AAPL,US,192.57,192.535,192.558,404372.5,192.55,192.555,2100.0,19.0,09:52,09:52 AM,,
192.66,192.545,192.61,71870.0,13842763.51,962.0,192.565,192.645,2023-12-27,AAPL,US,192.655,192.565,192.617,250402.5,192.565,192.655,1300.0,12.0,09:53,09:53 AM,,
192.72,192.635,192.68,69712.0,13431712.24,898.0,192.645,192.71,2023-12-27,AAPL,US,192.72,192.645,192.689,327572.0,192.645,192.72,1700.0,17.0,09:54,09:54 AM,,
192.725,192.625,192.69,76283.0,14699422.4,998.0,192.7,192.625,2023-12-27,AAPL,US,192.72,192.665,192.701,134891.0,192.715,192.665,700.0,7.0,09:55,09:55 AM,,
192.65,192.51,192.59,78734.0,15163823.56,1243.0,192.63,192.6015,2023-12-27,AAPL,US,192.635,192.53,192.605,288907.0,192.635,192.58,1500.0,15.0,09:56,09:56 AM,,
192.6249,192.54,192.57,102565.0,19751120.77,1033.0,192.605,192.545,2023-12-27,AAPL,US,,,,,,,,,09:57,09:57 AM,,
192.6,192.534,192.57,68397.0,13170765.52,1025.0,192.545,192.56,2023-12-27,AAPL,US,192.58,192.545,192.558,134790.5,192.58,192.545,700.0,7.0,09:58,09:58 AM,,
192.6,192.44,192.51,111790.0,21521308.96,1713.0,192.56,192.45,2023-12-27,AAPL,US,192.595,192.535,192.557,462137.0,192.545,192.56,2400.0,24.0,09:59,09:59 AM,,
192.52,192.37,192.44,126907.0,24422424.95,2113.0,192.455,192.52,2023-12-27,AAPL,US,192.595,192.46,192.51,924048.0,192.56,192.465,4800.0,46.0,10:00,10:00 AM,,
192.54,192.28,192.4,154326.0,29693042.9,2181.0,192.515,192.29,2023-12-27,AAPL,US,192.535,192.28,192.381,557905.0,192.515,192.29,2900.0,25.0,10:01,10:01 AM,,
192.4437,192.25,192.29,142607.0,27421957.96,2205.0,192.29,192.305,2023-12-27,AAPL,US,,,,,,,,,10:02,10:02 AM,,
192.35,192.274,192.3,108278.0,20822564.37,1600.0,192.31,192.28,2023-12-27,AAPL,US,192.345,192.29,192.31,288465.0,192.325,192.31,1500.0,13.0,10:03,10:03 AM,,
192.28,192.19,192.23,134441.0,25843846.08,1808.0,192.27,192.21,2023-12-27,AAPL,US,,,,,,,,,10:04,10:04 AM,,
192.23,192.14,192.2,125380.0,24098218.78,2620.0,192.2051,192.205,2023-12-27,AAPL,US,192.23,192.17,192.2,365180.5,192.2,192.205,1900.0,15.0,10:05,10:05 AM,,
192.215,192.17,192.19,75061.0,14426204.08,3303.0,192.2001,192.185,2023-12-27,AAPL,US,192.21,192.175,192.189,384378.5,192.19,192.18,2000.0,15.0,10:06,10:06 AM,,
197.175,192.09,192.15,75672.0,14540214.29,4227.0,192.1899,192.1032,2023-12-27,AAPL,US,192.185,192.095,192.144,365073.5,192.185,192.095,1900.0,19.0,10:07,10:07 AM,,
192.2208,192.1,192.15,70361.0,13519587.35,4418.0,192.2208,192.17,2023-12-27,AAPL,US,192.17,192.1,192.15,269009.5,192.1,192.15,1400.0,13.0,10:08,10:08 AM,,
192.165,192.05,192.1,87814.0,16869259.27,4531.0,192.165,192.065,2023-12-27,AAPL,US,192.16,192.05,192.097,192096.5,192.155,192.06,1000.0,10.0,10:09,10:09 AM,,
192.1,192.04,192.07,107169.0,20583721.9,4555.0,192.0601,192.0401,2023-12-27,AAPL,US,,,,,,,,,10:10,10:10 AM,,
192.06,191.82,191.94,338598.0,64991504.39,8287.0,192.04,191.87,2023-12-27,AAPL,US,192.07,192.04,192.056,96028.0,192.05,192.04,500.0,5.0,10:11,10:11 AM,,
192.0,191.8,191.91,157131.0,30155234.56,5099.0,191.88,191.81,2023-12-27,AAPL,US,192.04,191.83,191.915,633320.0,192.04,191.88,3300.0,33.0,10:12,10:12 AM,,
191.9861,191.56,191.68,320179.0,61374827.3,6789.0,191.805,191.56,2023-12-27,AAPL,US,191.99,191.8,191.906,825194.5,191.88,191.805,4300.0,41.0,10:13,10:13 AM,,
191.6399,191.445,191.55,310241.0,59427418.06,6467.0,191.56,191.61,2023-12-27,AAPL,US,191.61,191.45,191.538,497998.0,191.55,191.61,2600.0,19.0,10:14,10:14 AM,,
191.8576,191.59,191.7,171582.0,32893616.2,5187.0,191.61,191.7199,2023-12-27,AAPL,US,,,,,,,,,10:15,10:15 AM,,
191.7233,191.585,191.65,194317.0,37241501.82,5177.0,191.71,191.659,2023-12-27,AAPL,US,191.75,191.595,191.697,249206.5,191.595,191.71,1300.0,10.0,10:16,10:16 AM,,
191.715,191.6,191.65,113369.0,21727152.68,4613.0,191.655,191.715,2023-12-27,AAPL,US,191.7,191.62,191.649,191648.5,191.67,191.7,1000.0,7.0,10:17,10:17 AM,,
191.72,191.6282,191.68,119683.0,22940323.01,4491.0,191.7197,191.695,2023-12-27,AAPL,US,,,,,,,,,10:18,10:18 AM,,
191.77,191.69,191.73,140408.0,26920645.17,4271.0,191.6996,191.72,2023-12-27,AAPL,US,191.75,191.7,191.726,134208.0,191.7,191.73,700.0,7.0,10:19,10:19 AM,,
191.715,191.54,191.64,142457.0,27300633.15,4699.0,191.715,191.55,2023-12-27,AAPL,US,191.65,191.615,191.627,57488.0,191.65,191.615,300.0,3.0,10:20,10:20 AM,,
191.6577,191.51,191.56,111709.0,21399122.67,3950.0,191.56,191.6037,2023-12-27,AAPL,US,191.605,191.55,191.578,76631.0,191.55,191.605,400.0,4.0,10:21,10:21 AM,,
191.64,191.5302,191.58,110696.0,21207039.9,3596.0,191.61,191.63,2023-12-27,AAPL,US,191.59,191.545,191.566,325661.5,191.575,191.57,1700.0,15.0,10:22,10:22 AM,,
191.66,191.6,191.63,90305.0,17304628.66,3382.0,191.635,191.645,2023-12-27,AAPL,US,191.64,191.63,191.635,38327.0,191.63,191.64,200.0,2.0,10:23,10:23 AM,,
191.64,191.56,191.59,69644.0,13343391.82,3923.0,191.635,191.58,2023-12-27,AAPL,US,191.64,191.58,191.588,210746.5,191.64,191.59,1100.0,10.0,10:24,10:24 AM,,
191.62,191.55,191.57,74982.0,14364625.87,4509.0,191.59,191.555,2023-12-27,AAPL,US,,,,,,,,,10:25,10:25 AM,,
191.709,191.55,191.64,118423.0,22694038.6,4785.0,191.56,191.6214,2023-12-27,AAPL,US,191.685,191.555,191.638,172474.0,191.555,191.625,900.0,9.0,10:26,10:26 AM,,
191.72,191.625,191.68,103269.0,19794329.27,4572.0,191.625,191.71,2023-12-27,AAPL,US,191.72,191.66,191.683,172515.0,191.66,191.72,900.0,9.0,10:27,10:27 AM,,
191.8,191.6382,191.71,92666.0,17765571.29,4332.0,191.7023,191.69,2023-12-27,AAPL,US,,,,,,,,,10:28,10:28 AM,,
191.6899,191.62,191.65,96801.0,18551459.09,4558.0,191.6899,191.6385,2023-12-27,AAPL,US,191.69,191.68,191.683,76673.0,191.68,191.68,400.0,4.0,10:29,10:29 AM,,
191.67,191.5212,191.6,145267.0,27833623.44,4936.0,191.635,191.53,2023-12-27,AAPL,US,191.68,191.605,191.638,153310.5,191.68,191.605,800.0,8.0,10:30,10:30 AM,,
191.6405,191.5,191.55,123938.0,23740752.96,4782.0,191.54,191.545,2023-12-27,AAPL,US,191.63,191.535,191.578,536418.0,191.605,191.545,2800.0,27.0,10:31,10:31 AM,,
191.5639,191.4816,191.51,116073.0,22229254.44,4612.0,191.55,191.5079,2023-12-27,AAPL,US,191.55,191.51,191.519,114911.5,191.55,191.515,600.0,4.0,10:32,10:32 AM,,
191.58,191.39,191.48,156010.0,29873032.28,4862.0,191.51,191.43,2023-12-27,AAPL,US,191.57,191.41,191.499,95749.5,191.57,191.41,500.0,5.0,10:33,10:33 AM,,
191.5322,191.37,191.43,122045.0,23363661.32,3999.0,191.42,191.381,2023-12-27,AAPL,US,191.425,191.425,191.425,382850.0,191.425,191.425,2000.0,5.0,10:34,10:34 AM,,
191.443,191.15,191.24,296661.0,56736805.2,5408.0,191.3802,191.19,2023-12-27,AAPL,US,191.3,191.19,191.239,191239.0,191.29,191.19,1000.0,10.0,10:35,10:35 AM,,
191.3524,191.1,191.18,183809.0,35140982.97,4612.0,191.19,191.11,2023-12-27,AAPL,US,191.24,191.195,191.215,152972.0,191.195,191.24,800.0,8.0,10:36,10:36 AM,,
191.28,191.1,191.18,121206.0,23171396.29,4028.0,191.1108,191.27,2023-12-27,AAPL,US,,,,,,,,,10:37,10:37 AM,,
191.4,191.1872,191.29,116664.0,22316611.94,3871.0,191.26,191.395,2023-12-27,AAPL,US,191.27,191.14,191.218,114731.0,191.14,191.26,600.0,6.0,10:38,10:38 AM,,
191.44,191.2581,191.41,113635.0,21751047.65,3434.0,191.395,191.4044,2023-12-27,AAPL,US,191.435,191.395,191.407,95703.5,191.395,191.405,500.0,5.0,10:39,10:39 AM,,
191.42,191.2443,191.37,120106.0,22984652.04,3834.0,191.405,191.2961,2023-12-27,AAPL,US,191.42,191.335,191.378,612408.0,191.42,191.345,3200.0,19.0,10:40,10:40 AM,,
191.38,191.291,191.34,106831.0,20441395.15,3695.0,191.295,191.3157,2023-12-27,AAPL,US,191.36,191.295,191.33,191329.5,191.295,191.33,1000.0,9.0,10:41,10:41 AM,,
191.35,191.27,191.31,65122.0,12458559.23,3768.0,191.315,191.33,2023-12-27,AAPL,US,191.34,191.29,191.315,95657.5,191.315,191.29,500.0,5.0,10:42,10:42 AM,,
191.4,191.31,191.37,70202.0,13434701.62,3126.0,191.33,191.3676,2023-12-27,AAPL,US,,,,,,,,,10:43,10:43 AM,,
191.4369,191.36,191.4,93994.0,17990811.31,1292.0,191.36,191.4177,2023-12-27,AAPL,US,191.43,191.36,191.4,229680.5,191.36,191.385,1200.0,12.0,10:44,10:44 AM,,
191.45,191.3609,191.42,72954.0,13964755.49,999.0,191.42,191.45,2023-12-27,AAPL,US,,,,,,,,,10:45,10:45 AM,,
191.62,191.3774,191.53,180953.0,34658741.15,1687.0,191.44,191.585,2023-12-27,AAPL,US,191.44,191.395,191.422,401987.0,191.415,191.44,2100.0,21.0,10:46,10:46 AM,,
191.585,191.4755,191.56,85626.0,16402355.3,939.0,191.58,191.4755,2023-12-27,AAPL,US,191.57,191.56,191.565,134095.5,191.565,191.57,700.0,7.0,10:47,10:47 AM,,
191.6199,191.54,191.58,64087.0,12278126.63,916.0,191.5507,191.6,2023-12-27,AAPL,US,191.605,191.58,191.598,76639.0,191.58,191.6,400.0,4.0,10:48,10:48 AM,,
191.64,191.555,191.6,85773.0,16434471.01,975.0,191.605,191.63,2023-12-27,AAPL,US,191.63,191.57,191.61,95805.0,191.57,191.63,500.0,5.0,10:49,10:49 AM,,
191.63,191.52,191.58,71941.0,13782450.92,920.0,191.63,191.58,2023-12-27,AAPL,US,191.61,191.585,191.594,153275.0,191.585,191.585,800.0,8.0,10:50,10:50 AM,,
191.62,191.535,191.58,47578.0,9114865.88,817.0,191.58,191.5501,2023-12-27,AAPL,US,191.56,191.56,191.56,38312.0,191.56,191.56,200.0,2.0,10:51,10:51 AM,,
191.603,191.535,191.57,48159.0,9225707.56,826.0,191.56,191.55,2023-12-27,AAPL,US,191.6,191.545,191.567,172410.0,191.6,191.55,900.0,9.0,10:52,10:52 AM,,
191.5937,191.5302,191.56,54171.0,10377245.53,749.0,191.55,191.575,2023-12-27,AAPL,US,191.57,191.54,191.553,57466.0,191.55,191.57,300.0,3.0,10:53,10:53 AM,,
191.66,191.575,191.62,86063.0,16491297.2,993.0,191.58,191.6471,2023-12-27,AAPL,US,191.65,191.59,191.617,268264.0,191.6,191.65,1400.0,14.0,10:54,10:54 AM,,
191.7887,191.6067,191.7,105307.0,20187260.63,1256.0,191.645,191.7101,2023-12-27,AAPL,US,191.74,191.65,191.704,172533.5,191.65,191.715,900.0,9.0,10:55,10:55 AM,,
191.76,191.6471,191.74,99737.0,19124156.94,978.0,191.6471,191.745,2023-12-27,AAPL,US,191.76,191.73,191.747,786161.5,191.745,191.745,4100.0,23.0,10:56,10:56 AM,,
191.775,191.6771,191.76,58334.0,11185935.59,840.0,191.745,191.755,2023-12-27,AAPL,US,191.775,191.745,191.76,95880.0,191.745,191.76,500.0,5.0,10:57,10:57 AM,,
191.755,191.69,191.72,82266.0,15772262.05,1109.0,191.755,191.705,2023-12-27,AAPL,US,191.74,191.695,191.72,210892.5,191.74,191.7,1100.0,10.0,10:58,10:58 AM,,
191.71,191.65,191.67,88204.0,16905934.37,986.0,191.71,191.67,2023-12-27,AAPL,US,191.69,191.655,191.675,364182.5,191.675,191.68,1900.0,16.0,10:59,10:59 AM,,
191.7,191.58,191.65,59336.0,11371023.61,930.0,191.6788,191.58,2023-12-27,AAPL,US,191.69,191.61,191.651,95825.5,191.69,191.635,500.0,5.0,11:00,11:00 AM,,
191.6814,191.55,191.58,82392.0,15784823.54,1012.0,191.585,191.585,2023-12-27,AAPL,US,191.61,191.58,191.591,95795.5,191.61,191.605,500.0,5.0,11:01,11:01 AM,,
191.6268,191.49,191.54,117629.0,22531831.75,1318.0,191.585,191.545,2023-12-27,AAPL,US,191.595,191.5,191.533,363912.0,191.5,191.56,1900.0,17.0,11:02,11:02 AM,,
191.655,191.545,191.59,55716.0,10674526.03,758.0,191.55,191.6,2023-12-27,AAPL,US,191.6,191.57,191.583,57475.0,191.6,191.58,300.0,3.0,11:03,11:03 AM,,
191.61,191.55,191.58,46820.0,8969967.48,744.0,191.6,191.605,2023-12-27,AAPL,US,191.61,191.58,191.593,57478.0,191.61,191.59,300.0,3.0,11:04,11:04 AM,,
191.64,191.56,191.61,57089.0,10938631.44,867.0,191.6,191.56,2023-12-27,AAPL,US,191.605,191.59,191.6,57480.0,191.59,191.605,300.0,3.0,11:05,11:05 AM,,
191.635,191.54,191.6,54190.0,10382661.8,749.0,191.5503,191.6017,2023-12-27,AAPL,US,,,,,,,,,11:06,11:06 AM,,
191.6,191.47,191.53,87881.0,16831313.16,1053.0,191.6,191.5,2023-12-27,AAPL,US,191.575,191.5,191.532,57459.5,191.575,191.5,300.0,3.0,11:07,11:07 AM,,
191.5702,191.48,191.51,46327.0,8872381.86,640.0,191.495,191.545,2023-12-27,AAPL,US,191.52,191.52,191.52,19152.0,191.52,191.52,100.0,1.0,11:08,11:08 AM,,
191.63,191.54,191.6,88356.0,16929165.41,754.0,191.54,191.58,2023-12-27,AAPL,US,191.59,191.56,191.575,38315.0,191.56,191.59,200.0,2.0,11:09,11:09 AM,,
191.5781,191.49,191.53,36119.0,6917918.74,632.0,191.57,191.5781,2023-12-27,AAPL,US,191.51,191.51,191.51,38302.0,191.51,191.51,200.0,2.0,11:10,11:10 AM,,
191.571,191.51,191.55,37052.0,7097320.58,597.0,191.571,191.55,2023-12-27,AAPL,US,,,,,,,,,11:11,11:11 AM,,
191.565,191.524,191.54,27350.0,5238689.32,567.0,191.545,191.53,2023-12-27,AAPL,US,191.555,191.525,191.538,210692.0,191.545,191.525,1100.0,11.0,11:12,11:12 AM,,
191.5621,191.4914,191.51,45715.0,8755114.99,738.0,191.53,191.495,2023-12-27,AAPL,US,191.54,191.505,191.525,134067.5,191.525,191.525,700.0,7.0,11:13,11:13 AM,,
191.55,191.49,191.51,63916.0,12241834.39,577.0,191.4975,191.51,2023-12-27,AAPL,US,,,,,,,,,11:14,11:14 AM,,
191.53,191.485,191.52,52742.0,10100933.15,858.0,191.52,191.5,2023-12-27,AAPL,US,191.525,191.5,191.518,306429.5,191.525,191.5,1600.0,16.0,11:15,11:15 AM,,
191.5,191.44,191.47,89213.0,17081858.17,921.0,191.495,191.47,2023-12-27,AAPL,US,191.49,191.44,191.462,478655.5,191.49,191.465,2500.0,20.0,11:16,11:16 AM,,
191.489,191.43,191.46,64315.0,12313436.64,777.0,191.48,191.48,2023-12-27,AAPL,US,191.47,191.45,191.463,287195.0,191.47,191.45,1500.0,7.0,11:17,11:17 AM,,
191.4834,191.385,191.42,85365.0,16340632.05,1116.0,191.47,191.405,2023-12-27,AAPL,US,191.45,191.385,191.422,440271.0,191.445,191.405,2300.0,10.0,11:18,11:18 AM,,
191.41,191.38,191.4,75673.0,14483529.72,925.0,191.405,191.3999,2023-12-27,AAPL,US,191.4,191.385,191.389,133972.5,191.39,191.39,700.0,7.0,11:19,11:19 AM,,
191.4048,191.38,191.39,39878.0,7632429.96,589.0,191.4015,191.395,2023-12-27,AAPL,US,,,,,,,,,11:20,11:20 AM,,
191.42,191.3701,191.39,90563.0,17333396.03,943.0,191.3932,191.375,2023-12-27,AAPL,US,191.41,191.375,191.394,287091.0,191.39,191.39,1500.0,15.0,11:21,11:21 AM,,
191.395,191.36,191.38,47662.0,9121448.22,740.0,191.3705,191.375,2023-12-27,AAPL,US,191.385,191.37,191.38,95690.0,191.37,191.385,500.0,5.0,11:22,11:22 AM,,
191.3955,191.28,191.32,94885.0,18153180.45,1146.0,191.37,191.285,2023-12-27,AAPL,US,191.35,191.29,191.317,95658.5,191.345,191.29,500.0,5.0,11:23,11:23 AM,,
191.3239,191.2729,191.29,52378.0,10019354.47,722.0,191.285,191.285,2023-12-27,AAPL,US,191.28,191.28,191.28,95640.0,191.28,191.28,500.0,5.0,11:24,11:24 AM,,
191.29,191.21,191.25,122382.0,23406004.48,1355.0,191.285,191.229,2023-12-27,AAPL,US,191.29,191.215,191.267,172140.0,191.29,191.215,900.0,8.0,11:25,11:25 AM,,
191.3052,191.12,191.19,133175.0,25461463.15,1569.0,191.225,191.1475,2023-12-27,AAPL,US,191.225,191.175,191.194,554463.5,191.225,191.19,2900.0,26.0,11:26,11:26 AM,,
191.17,191.11,191.14,114381.0,21863392.35,1243.0,191.1476,191.125,2023-12-27,AAPL,US,191.165,191.11,191.147,248491.0,191.145,191.12,1300.0,9.0,11:27,11:27 AM,,
191.48,191.09,191.29,286198.0,54744602.25,2962.0,191.12,191.445,2023-12-27,AAPL,US,191.46,191.09,191.331,535727.0,191.09,191.46,2800.0,28.0,11:28,11:28 AM,,
191.728,191.3111,191.57,386693.0,74083454.19,3327.0,191.45,191.6804,2023-12-27,AAPL,US,191.71,191.41,191.582,766329.5,191.41,191.66,4000.0,35.0,11:29,11:29 AM,,
191.68,191.38,191.64,129199.0,24755965.24,1049.0,191.68,191.671,2023-12-27,AAPL,US,191.675,191.6,191.652,210817.0,191.62,191.675,1100.0,7.0,11:30,11:30 AM,,
191.69,191.4497,191.65,192268.0,36848478.06,1649.0,191.6789,191.6666,2023-12-27,AAPL,US,191.675,191.605,191.66,996629.5,191.67,191.65,5200.0,27.0,11:31,11:31 AM,,
191.671,191.55,191.62,204068.0,39103398.22,1628.0,191.665,191.585,2023-12-27,AAPL,US,,,,,,,,,11:32,11:32 AM,,
191.66,191.59,191.63,124858.0,23927173.07,1133.0,191.59,191.6282,2023-12-27,AAPL,US,191.67,191.57,191.615,268261.0,191.665,191.59,1400.0,12.0,11:33,11:33 AM,,
191.655,191.59,191.62,127320.0,24397536.01,1299.0,191.625,191.62,2023-12-27,AAPL,US,191.65,191.6,191.625,804827.0,191.625,191.62,4200.0,28.0,11:34,11:34 AM,,
191.85,191.62,191.73,235055.0,45068272.5,1976.0,191.63,191.8187,2023-12-27,AAPL,US,191.84,191.63,191.74,786134.5,191.64,191.84,4100.0,34.0,11:35,11:35 AM,,
191.99,191.6856,191.91,234932.0,45086693.17,1907.0,191.82,191.9501,2023-12-27,AAPL,US,191.955,191.78,191.883,307012.0,191.78,191.955,1600.0,14.0,11:36,11:36 AM,,
192.0599,191.94,192.0,217685.0,41796654.23,2069.0,191.955,192.01,2023-12-27,AAPL,US,192.045,191.94,192.008,460819.0,191.94,192.01,2400.0,23.0,11:37,11:37 AM,,
192.03,191.93,191.98,111166.0,21342002.33,1127.0,192.02,191.9799,2023-12-27,AAPL,US,192.005,191.945,191.977,230372.5,192.0,191.975,1200.0,11.0,11:38,11:38 AM,,
192.0,191.7741,191.96,112775.0,21648842.22,1024.0,191.97,191.955,2023-12-27,AAPL,US,191.995,191.945,191.968,249558.5,191.99,191.955,1300.0,12.0,11:39,11:39 AM,,
191.96,191.84,191.91,211864.0,40657958.24,1762.0,191.955,191.915,2023-12-27,AAPL,US,191.94,191.88,191.909,1074692.5,191.935,191.89,5600.0,24.0,11:40,11:40 AM,,
191.94,191.88,191.91,93010.0,17849835.03,978.0,191.91,191.915,2023-12-27,AAPL,US,191.93,191.885,191.909,268673.0,191.915,191.91,1400.0,14.0,11:41,11:41 AM,,
191.92,191.88,191.9,66139.0,12692243.74,758.0,191.91,191.896,2023-12-27,AAPL,US,,,,,,,,,11:42,11:42 AM,,
191.99,191.89,191.95,148637.0,28531100.76,1298.0,191.9,191.9855,2023-12-27,AAPL,US,191.99,191.9,191.951,441487.0,191.9,191.99,2300.0,22.0,11:43,11:43 AM,,
191.99,191.928,191.96,86050.0,16518338.31,823.0,191.99,191.97,2023-12-27,AAPL,US,,,,,,,,,11:44,11:44 AM,,
191.97,191.9259,191.96,40348.0,7745157.1,671.0,191.97,191.96,2023-12-27,AAPL,US,191.97,191.95,191.958,345524.0,191.97,191.97,1800.0,12.0,11:45,11:45 AM,,
192.07,191.96,192.02,80128.0,15385846.49,931.0,191.96,192.065,2023-12-27,AAPL,US,192.06,191.97,192.013,211214.5,191.97,192.06,1100.0,11.0,11:46,11:46 AM,,
192.12,192.04,192.08,115723.0,22227941.93,1132.0,192.065,192.12,2023-12-27,AAPL,US,192.07,192.055,192.062,172856.0,192.065,192.06,900.0,9.0,11:47,11:47 AM,,
192.18,192.115,192.14,111706.0,21463328.29,1051.0,192.1272,192.145,2023-12-27,AAPL,US,192.175,192.12,192.143,211357.0,192.12,192.13,1100.0,11.0,11:48,11:48 AM,,
192.15,192.03,192.08,80612.0,15484506.69,1040.0,192.15,192.0475,2023-12-27,AAPL,US,192.125,192.06,192.093,38418.5,192.125,192.06,200.0,2.0,11:49,11:49 AM,,
192.1,192.02,192.05,89068.0,17106266.28,846.0,192.0499,192.1,2023-12-27,AAPL,US,192.09,192.05,192.063,57619.0,192.05,192.09,300.0,3.0,11:50,11:50 AM,,
192.18,192.0387,192.14,139894.0,26879813.45,1094.0,192.095,192.125,2023-12-27,AAPL,US,,,,,,,,,11:51,11:51 AM,,
192.145,192.07,192.1,85800.0,16482360.77,927.0,192.12,192.075,2023-12-27,AAPL,US,192.12,192.07,192.104,345787.0,192.12,192.07,1800.0,15.0,11:52,11:52 AM,,
192.09,192.03,192.05,75783.0,14554026.61,862.0,192.08,192.0408,2023-12-27,AAPL,US,192.09,192.03,192.063,480156.5,192.09,192.05,2500.0,24.0,11:53,11:53 AM,,
192.045,191.935,191.98,84696.0,16259776.77,1196.0,192.04,191.95,2023-12-27,AAPL,US,192.04,191.95,191.978,326362.0,192.04,191.95,1700.0,17.0,11:54,11:54 AM,,
191.98,191.935,191.96,98270.0,18863672.95,1239.0,191.96,191.98,2023-12-27,AAPL,US,191.965,191.94,191.957,691046.0,191.965,191.96,3600.0,22.0,11:55,11:55 AM,,
192.09,191.98,192.06,69075.0,13266379.96,814.0,191.98,192.06,2023-12-27,AAPL,US,,,,,,,,,11:56,11:56 AM,,
192.08,192.0208,192.05,37075.0,7120240.16,551.0,192.05,192.06,2023-12-27,AAPL,US,192.06,192.05,192.053,134437.0,192.06,192.06,700.0,7.0,11:57,11:57 AM,,
192.08,192.03,192.06,59107.0,11351938.95,828.0,192.065,192.06,2023-12-27,AAPL,US,,,,,,,,,11:58,11:58 AM,,
192.15,192.025,192.1,68390.0,13138353.03,809.0,192.04,192.1442,2023-12-27,AAPL,US,192.145,192.04,192.091,211300.0,192.07,192.14,1100.0,11.0,11:59,11:59 AM,,
192.1783,192.0662,192.15,90030.0,17299165.96,956.0,192.15,192.1441,2023-12-27,AAPL,US,192.175,192.145,192.155,192154.5,192.15,192.165,1000.0,10.0,12:00,12:00 PM,,
192.18,192.121,192.15,79273.0,15232441.2,944.0,192.15,192.165,2023-12-27,AAPL,US,192.18,192.135,192.156,403528.0,192.15,192.17,2100.0,20.0,12:01,12:01 PM,,
192.24,192.16,192.19,98082.0,18850945.77,1127.0,192.16,192.23,2023-12-27,AAPL,US,192.24,192.175,192.192,384384.5,192.19,192.24,2000.0,20.0,12:02,12:02 PM,,
192.2397,192.1429,192.2,99131.0,19053035.18,1064.0,192.2201,192.1842,2023-12-27,AAPL,US,,,,,,,,,12:03,12:03 PM,,
192.24,192.13,192.16,209359.0,40229205.95,980.0,192.18,192.23,2023-12-27,AAPL,US,192.225,192.17,192.195,422828.5,192.225,192.17,2200.0,22.0,12:04,12:04 PM,,
192.32,192.19,192.24,77203.0,14842057.75,986.0,192.23,192.31,2023-12-27,AAPL,US,192.3,192.19,192.231,384461.0,192.215,192.3,2000.0,20.0,12:05,12:05 PM,,
192.34,192.1539,192.29,62440.0,12006929.85,712.0,192.315,192.295,2023-12-27,AAPL,US,,,,,,,,,12:06,12:06 PM,,
192.309,192.245,192.27,45844.0,8814562.04,683.0,192.3,192.25,2023-12-27,AAPL,US,192.3,192.25,192.281,173053.0,192.3,192.25,900.0,9.0,12:07,12:07 PM,,
192.2462,192.15,192.19,82731.0,15899641.75,808.0,192.2462,192.195,2023-12-27,AAPL,US,192.23,192.16,192.188,365158.0,192.23,192.21,1900.0,17.0,12:08,12:08 PM,,
192.225,192.145,192.19,55859.0,10735713.19,690.0,192.195,192.22,2023-12-27,AAPL,US,,,,,,,,,12:09,12:09 PM,,
192.23,192.1947,192.22,46470.0,8932190.35,663.0,192.22,192.215,2023-12-27,AAPL,US,192.22,192.21,192.217,307546.5,192.22,192.215,1600.0,16.0,12:10,12:10 PM,,
192.24,192.2049,192.22,35357.0,6796251.47,535.0,192.215,192.23,2023-12-27,AAPL,US,192.235,192.21,192.223,346001.5,192.23,192.23,1800.0,18.0,12:11,12:11 PM,,
192.23,192.19,192.21,42491.0,8167196.99,564.0,192.2278,192.215,2023-12-27,AAPL,US,192.23,192.2,192.214,172992.5,192.23,192.215,900.0,9.0,12:12,12:12 PM,,
192.24,192.21,192.22,44370.0,8528933.09,697.0,192.2101,192.225,2023-12-27,AAPL,US,192.23,192.22,192.227,192226.5,192.22,192.23,1000.0,10.0,12:13,12:13 PM,,
192.31,192.2149,192.28,72923.0,14021387.33,772.0,192.225,192.275,2023-12-27,AAPL,US,192.3,192.24,192.28,76912.0,192.24,192.3,400.0,4.0,12:14,12:14 PM,,
192.33,192.275,192.31,47333.0,9102666.99,627.0,192.275,192.31,2023-12-27,AAPL,US,192.33,192.31,192.317,96158.5,192.325,192.31,500.0,5.0,12:15,12:15 PM,,
192.32,192.26,192.28,123152.0,23679629.19,590.0,192.3098,192.2991,2023-12-27,AAPL,US,192.295,192.27,192.273,403773.5,192.275,192.295,2100.0,10.0,12:16,12:16 PM,,
192.37,192.29,192.34,65552.0,12608182.91,812.0,192.3,192.35,2023-12-27,AAPL,US,192.37,192.295,192.346,192346.0,192.295,192.345,1000.0,10.0,12:17,12:17 PM,,
192.35,192.2901,192.32,34663.0,6666466.11,574.0,192.35,192.3166,2023-12-27,AAPL,US,192.335,192.3,192.32,153856.0,192.335,192.305,800.0,7.0,12:18,12:18 PM,,
192.3588,192.3028,192.33,30977.0,5958017.1,524.0,192.3199,192.355,2023-12-27,AAPL,US,192.35,192.34,192.345,38469.0,192.34,192.35,200.0,2.0,12:19,12:19 PM,,
192.4,192.2822,192.38,89538.0,17224948.08,984.0,192.355,192.325,2023-12-27,AAPL,US,192.4,192.335,192.381,288571.0,192.395,192.335,1500.0,15.0,12:20,12:20 PM,,
192.3394,192.26,192.29,62997.0,12113884.14,804.0,192.32,192.303,2023-12-27,AAPL,US,192.305,192.265,192.285,365341.5,192.285,192.3,1900.0,17.0,12:21,12:21 PM,,
192.43,192.3,192.4,89299.0,17180703.26,959.0,192.3,192.4201,2023-12-27,AAPL,US,192.42,192.31,192.391,153913.0,192.31,192.42,800.0,8.0,12:22,12:22 PM,,
192.47,192.4115,192.45,84623.0,16285501.33,833.0,192.43,192.46,2023-12-27,AAPL,US,192.46,192.42,192.449,250183.5,192.42,192.455,1300.0,12.0,12:23,12:23 PM,,
192.46,192.3601,192.41,178349.0,34314896.11,928.0,192.4556,192.3601,2023-12-27,AAPL,US,192.43,192.385,192.396,134677.0,192.43,192.39,700.0,7.0,12:24,12:24 PM,,
192.4,192.315,192.36,65417.0,12583329.89,901.0,192.37,192.34,2023-12-27,AAPL,US,192.4,192.33,192.371,211608.5,192.4,192.35,1100.0,11.0,12:25,12:25 PM,,
192.45,192.335,192.39,57542.0,11070530.72,701.0,192.3434,192.4427,2023-12-27,AAPL,US,192.445,192.345,192.407,153925.5,192.345,192.445,800.0,8.0,12:26,12:26 PM,,
192.45,192.41,192.43,50188.0,9657689.88,620.0,192.4449,192.43,2023-12-27,AAPL,US,192.44,192.42,192.436,153948.5,192.44,192.42,800.0,7.0,12:27,12:27 PM,,
192.53,192.44,192.49,122756.0,23629496.56,1443.0,192.44,192.5,2023-12-27,AAPL,US,192.51,192.44,192.484,423464.0,192.44,192.51,2200.0,21.0,12:28,12:28 PM,,
192.5,192.4241,192.49,52419.0,10090172.82,663.0,192.49,192.48,2023-12-27,AAPL,US,192.5,192.48,192.493,76997.0,192.5,192.48,400.0,3.0,12:29,12:29 PM,,
192.55,192.4701,192.51,85831.0,16523259.91,901.0,192.475,192.52,2023-12-27,AAPL,US,192.52,192.48,192.5,230999.5,192.485,192.52,1200.0,12.0,12:30,12:30 PM,,
192.661,192.51,192.59,114720.0,22094911.54,1215.0,192.52,192.6305,2023-12-27,AAPL,US,192.64,192.515,192.591,154073.0,192.515,192.64,800.0,8.0,12:31,12:31 PM,,
192.682,192.481,192.66,123384.0,23770645.94,1189.0,192.635,192.65,2023-12-27,AAPL,US,192.67,192.63,192.655,211920.5,192.655,192.65,1100.0,11.0,12:32,12:32 PM,,
192.655,192.6,192.63,67863.0,13072474.31,695.0,192.65,192.63,2023-12-27,AAPL,US,192.63,192.62,192.623,96311.5,192.62,192.63,500.0,5.0,12:33,12:33 PM,,
192.71,192.6198,192.69,141056.0,27179899.82,1460.0,192.635,192.7078,2023-12-27,AAPL,US,,,,,,,,,12:34,12:34 PM,,
192.71,192.66,192.69,62202.0,11985543.92,747.0,192.71,192.69,2023-12-27,AAPL,US,192.71,192.675,192.691,231229.5,192.71,192.7,1200.0,12.0,12:35,12:35 PM,,
192.7,192.64,192.68,74324.0,14320321.83,862.0,192.69,192.68,2023-12-27,AAPL,US,,,,,,,,,12:36,12:36 PM,,
192.6973,192.63,192.67,56893.0,10961293.84,629.0,192.675,192.68,2023-12-27,AAPL,US,192.69,192.64,192.672,366077.0,192.68,192.69,1900.0,19.0,12:37,12:37 PM,,
192.68,192.62,192.67,49880.0,9610270.01,675.0,192.67,192.68,2023-12-27,AAPL,US,192.68,192.66,192.678,269749.5,192.675,192.68,1400.0,14.0,12:38,12:38 PM,,
192.87,192.57,192.62,76249.0,14687068.39,884.0,192.6799,192.6401,2023-12-27,AAPL,US,192.66,192.59,192.628,327467.0,192.62,192.65,1700.0,17.0,12:39,12:39 PM,,
192.693,192.55,192.64,103071.0,19854756.92,1075.0,192.65,192.5651,2023-12-27,AAPL,US,,,,,,,,,12:40,12:40 PM,,
192.58,192.5001,192.54,100559.0,19361303.72,957.0,192.56,192.5602,2023-12-27,AAPL,US,192.575,192.52,192.555,385109.5,192.56,192.575,2000.0,20.0,12:41,12:41 PM,,
192.6374,192.46,192.52,120929.0,23280753.58,1086.0,192.5652,192.485,2023-12-27,AAPL,US,,,,,,,,,12:42,12:42 PM,,
192.535,192.48,192.5,73896.0,14225104.27,721.0,192.5,192.5046,2023-12-27,AAPL,US,192.51,192.49,192.504,96252.0,192.5,192.51,500.0,5.0,12:43,12:43 PM,,
192.555,192.49,192.52,53899.0,10376459.87,538.0,192.505,192.549,2023-12-27,AAPL,US,192.54,192.52,192.525,77010.0,192.52,192.54,400.0,4.0,12:44,12:44 PM,,
192.6485,192.5201,192.58,87507.0,16852059.4,681.0,192.545,192.64,2023-12-27,AAPL,US,192.625,192.54,192.592,154073.5,192.54,192.625,800.0,8.0,12:45,12:45 PM,,
192.65,192.5361,192.61,46353.0,8928145.13,568.0,192.64,192.616,2023-12-27,AAPL,US,192.645,192.57,192.612,96306.0,192.635,192.62,500.0,5.0,12:46,12:46 PM,,
192.7,192.615,192.67,74240.0,14304229.18,1013.0,192.615,192.695,2023-12-27,AAPL,US,192.69,192.65,192.68,211947.5,192.65,192.69,1100.0,6.0,12:47,12:47 PM,,
192.75,192.69,192.73,91745.0,17681779.21,949.0,192.695,192.735,2023-12-27,AAPL,US,192.745,192.71,192.726,192725.5,192.71,192.745,1000.0,8.0,12:48,12:48 PM,,
192.75,192.7098,192.73,84650.0,16314674.35,802.0,192.7366,192.7264,2023-12-27,AAPL,US,192.74,192.715,192.734,231280.5,192.735,192.74,1200.0,12.0,12:49,12:49 PM,,
192.74,192.66,192.71,67771.0,13060380.09,622.0,192.7215,192.67,2023-12-27,AAPL,US,192.73,192.66,192.691,115614.5,192.73,192.66,600.0,6.0,12:50,12:50 PM,,
192.7033,192.62,192.65,38528.0,7422297.93,506.0,192.675,192.6202,2023-12-27,AAPL,US,,,,,,,,,12:51,12:51 PM,,
192.63,192.51,192.58,1062128.0,204472984.47,584.0,192.63,192.5742,2023-12-27,AAPL,US,192.6,192.555,192.578,57773.5,192.6,192.555,300.0,3.0,12:52,12:52 PM,,
192.59,192.55,192.57,38645.0,7441985.37,581.0,192.575,192.57,2023-12-27,AAPL,US,192.575,192.575,192.575,19257.5,192.575,192.575,100.0,1.0,12:53,12:53 PM,,
192.605,192.5637,192.59,37048.0,7134950.91,471.0,192.5637,192.5899,2023-12-27,AAPL,US,192.59,192.59,192.59,38518.0,192.59,192.59,200.0,2.0,12:54,12:54 PM,,
192.6,192.57,192.58,27794.0,5352618.39,419.0,192.5801,192.59,2023-12-27,AAPL,US,192.59,192.57,192.581,173323.0,192.57,192.58,900.0,8.0,12:55,12:55 PM,,
192.61,192.57,192.59,52768.0,10162577.08,597.0,192.59,192.57,2023-12-27,AAPL,US,192.61,192.58,192.594,134815.5,192.58,192.58,700.0,7.0,12:56,12:56 PM,,
192.62,192.56,192.58,55492.0,10686351.83,476.0,192.587,192.615,2023-12-27,AAPL,US,192.59,192.565,192.575,173317.5,192.565,192.59,900.0,9.0,12:57,12:57 PM,,
192.68,192.616,192.66,40212.0,7746980.92,526.0,192.616,192.645,2023-12-27,AAPL,US,,,,,,,,,12:58,12:58 PM,,
192.65,192.6109,192.64,25230.0,4860231.14,383.0,192.645,192.64,2023-12-27,AAPL,US,192.63,192.63,192.63,19263.0,192.63,192.63,100.0,1.0,12:59,12:59 PM,,
192.705,192.64,192.68,36391.0,7011867.4,545.0,192.64,192.69,2023-12-27,AAPL,US,,,,,,,,,13:00,01:00 PM,,
192.73,192.6385,192.71,48397.0,9326728.52,466.0,192.68,192.72,2023-12-27,AAPL,US,,,,,,,,,13:01,01:01 PM,,
192.81,192.685,192.75,136560.0,26322570.9,1213.0,192.7149,192.81,2023-12-27,AAPL,US,192.72,192.71,192.716,96358.0,192.72,192.72,500.0,5.0,13:02,01:02 PM,,
192.84,192.7901,192.82,105440.0,20331377.27,865.0,192.8016,192.812,2023-12-27,AAPL,US,192.84,192.8,192.815,250659.0,192.81,192.83,1300.0,11.0,13:03,01:03 PM,,
192.88,192.7942,192.84,96427.0,18595016.67,884.0,192.8179,192.83,2023-12-27,AAPL,US,192.87,192.8,192.848,250703.0,192.84,192.83,1300.0,13.0,13:04,01:04 PM,,
192.87,192.78,192.83,107621.0,20752745.44,1257.0,192.8297,192.8099,2023-12-27,AAPL,US,192.86,192.79,192.819,424202.0,192.82,192.83,2200.0,22.0,13:05,01:05 PM,,
193.06,192.77,192.96,362864.0,70015344.24,3502.0,192.81,192.92,2023-12-27,AAPL,US,193.02,192.84,192.935,675273.0,192.84,193.01,3500.0,30.0,13:06,01:06 PM,,
192.97,192.855,192.93,115695.0,22320776.25,1023.0,192.92,192.87,2023-12-27,AAPL,US,,,,,,,,,13:07,01:07 PM,,
193.04,192.855,192.95,134718.0,25994461.64,1605.0,192.87,192.9727,2023-12-27,AAPL,US,193.01,192.86,192.915,1196076.0,192.87,193.01,6200.0,30.0,13:08,01:08 PM,,
192.98,192.9,192.94,86691.0,16725868.72,1009.0,192.97,192.95,2023-12-27,AAPL,US,192.98,192.9,192.935,154348.0,192.98,192.98,800.0,6.0,13:09,01:09 PM,,
193.0247,192.93,192.99,72143.0,13922653.14,704.0,192.95,193.0,2023-12-27,AAPL,US,193.015,192.95,192.973,115784.0,192.96,193.015,600.0,6.0,13:10,01:10 PM,,
193.1,192.84,192.98,192305.0,37111411.32,2610.0,193.0001,193.03,2023-12-27,AAPL,US,,,,,,,,,13:11,01:11 PM,,
193.15,192.95,193.07,178496.0,34463013.49,1608.0,193.04,192.9501,2023-12-27,AAPL,US,193.15,192.98,193.077,1042614.0,193.04,192.99,5400.0,52.0,13:12,01:12 PM,,
193.01,192.95,192.98,50222.0,9691959.94,714.0,192.955,192.99,2023-12-27,AAPL,US,192.995,192.975,192.988,347378.0,192.98,192.98,1800.0,18.0,13:13,01:13 PM,,
192.99,192.9109,192.95,50736.0,9789524.46,623.0,192.98,192.9299,2023-12-27,AAPL,US,192.97,192.93,192.952,96476.0,192.97,192.93,500.0,5.0,13:14,01:14 PM,,
193.0077,192.89,192.93,48353.0,9328297.5,566.0,192.93,192.935,2023-12-27,AAPL,US,192.945,192.915,192.936,96468.0,192.935,192.945,500.0,5.0,13:15,01:15 PM,,
192.96,192.915,192.93,33712.0,6504010.34,404.0,192.935,192.92,2023-12-27,AAPL,US,192.95,192.92,192.93,96465.0,192.95,192.92,500.0,4.0,13:16,01:16 PM,,
192.93,192.79,192.85,178691.0,34460403.33,1637.0,192.93,192.905,2023-12-27,AAPL,US,192.91,192.79,192.839,655651.5,192.895,192.91,3400.0,29.0,13:17,01:17 PM,,
192.975,192.8801,192.93,55073.0,10624902.45,742.0,192.9,192.91,2023-12-27,AAPL,US,192.97,192.9,192.94,212234.0,192.91,192.91,1100.0,11.0,13:18,01:18 PM,,
192.935,192.86,192.91,38837.0,7491951.56,560.0,192.91,192.91,2023-12-27,AAPL,US,192.92,192.89,192.904,173613.5,192.92,192.91,900.0,9.0,13:19,01:19 PM,,
192.9592,192.879,192.9,37527.0,7239071.13,469.0,192.92,192.88,2023-12-27,AAPL,US,192.925,192.895,192.91,57873.0,192.925,192.895,300.0,3.0,13:20,01:20 PM,,
192.88,192.84,192.87,43607.0,8410232.34,621.0,192.88,192.865,2023-12-27,AAPL,US,192.88,192.86,192.869,173582.0,192.865,192.87,900.0,9.0,13:21,01:21 PM,,
192.91,192.81,192.86,48443.0,9342421.04,594.0,192.8648,192.905,2023-12-27,AAPL,US,192.84,192.84,192.84,19284.0,192.84,192.84,100.0,1.0,13:22,01:22 PM,,
192.91,192.87,192.89,48075.0,9273159.3,515.0,192.9,192.905,2023-12-27,AAPL,US,192.9,192.885,192.892,192891.5,192.89,192.89,1000.0,9.0,13:23,01:23 PM,,
192.92,192.8702,192.9,27922.0,5386048.91,402.0,192.9076,192.91,2023-12-27,AAPL,US,192.92,192.89,192.905,38581.0,192.89,192.92,200.0,2.0,13:24,01:24 PM,,
192.925,192.88,192.91,24076.0,4644503.5,410.0,192.92,192.915,2023-12-27,AAPL,US,192.92,192.89,192.907,57872.0,192.89,192.92,300.0,3.0,13:25,01:25 PM,,
192.915,192.87,192.89,24082.0,4645183.91,426.0,192.9114,192.9,2023-12-27,AAPL,US,,,,,,,,,13:26,01:26 PM,,
192.9966,192.87,192.95,69325.0,13375957.69,737.0,192.895,192.995,2023-12-27,AAPL,US,192.9,192.885,192.89,96445.0,192.885,192.895,500.0,4.0,13:27,01:27 PM,,
193.04,192.9452,193.01,89562.0,17286340.82,860.0,193.0,192.98,2023-12-27,AAPL,US,193.02,192.98,193.003,270204.0,193.0,192.98,1400.0,13.0,13:28,01:28 PM,,
192.985,192.94,192.97,55306.0,10672154.09,583.0,192.9801,192.976,2023-12-27,AAPL,US,,,,,,,,,13:29,01:29 PM,,
193.075,192.9313,193.03,46887.0,9050565.7,831.0,192.979,193.065,2023-12-27,AAPL,US,193.06,192.98,193.024,154419.0,192.98,193.06,800.0,8.0,13:30,01:30 PM,,
193.065,193.0301,193.05,39952.0,7712622.21,696.0,193.06,193.06,2023-12-27,AAPL,US,,,,,,,,,13:31,01:31 PM,,
193.06,192.97,193.02,52459.0,10125888.1,749.0,193.05,193.0199,2023-12-27,AAPL,US,193.05,192.99,193.02,193019.5,193.05,193.02,1000.0,9.0,13:32,01:32 PM,,
193.05,193.0,193.02,46899.0,9052476.47,556.0,193.0101,193.05,2023-12-27,AAPL,US,193.015,193.015,193.015,19301.5,193.015,193.015,100.0,1.0,13:33,01:33 PM,,
193.07,193.0301,193.05,44715.0,8632312.48,499.0,193.0423,193.0699,2023-12-27,AAPL,US,193.05,193.05,193.05,19305.0,193.05,193.05,100.0,1.0,13:34,01:34 PM,,
193.15,193.07,193.12,65446.0,12638643.13,759.0,193.07,193.14,2023-12-27,AAPL,US,193.14,193.07,193.113,115867.5,193.07,193.14,600.0,6.0,13:35,01:35 PM,,
193.145,193.095,193.12,58103.0,11221089.23,629.0,193.135,193.111,2023-12-27,AAPL,US,193.14,193.095,193.119,270366.5,193.14,193.12,1400.0,6.0,13:36,01:36 PM,,
193.12,193.04,193.08,48442.0,9353220.7,690.0,193.115,193.0699,2023-12-27,AAPL,US,193.115,193.06,193.095,482737.0,193.115,193.06,2500.0,25.0,13:37,01:37 PM,,
193.125,193.07,193.1,42160.0,8141189.3,533.0,193.07,193.0801,2023-12-27,AAPL,US,193.11,193.11,193.11,57933.0,193.11,193.11,300.0,3.0,13:38,01:38 PM,,
193.12,193.09,193.11,23884.0,4612151.56,372.0,193.09,193.11,2023-12-27,AAPL,US,193.11,193.095,193.107,212417.5,193.095,193.11,1100.0,9.0,13:39,01:39 PM,,
193.1892,193.0841,193.16,76862.0,14846610.78,819.0,193.1142,193.17,2023-12-27,AAPL,US,193.175,193.15,193.16,231792.0,193.15,193.17,1200.0,11.0,13:40,01:40 PM,,
193.2,193.1544,193.18,50748.0,9803327.2,673.0,193.175,193.17,2023-12-27,AAPL,US,193.2,193.16,193.179,135225.0,193.17,193.16,700.0,7.0,13:41,01:41 PM,,
193.25,193.16,193.2,72384.0,13984529.58,718.0,193.175,193.25,2023-12-27,AAPL,US,193.245,193.18,193.199,309118.5,193.18,193.245,1600.0,9.0,13:42,01:42 PM,,
193.27,193.171,193.24,195005.0,37683212.92,925.0,193.2499,193.205,2023-12-27,AAPL,US,,,,,,,,,13:43,01:43 PM,,
193.28,193.185,193.23,45367.0,8766252.16,523.0,193.2023,193.275,2023-12-27,AAPL,US,193.28,193.205,193.227,96613.5,193.205,193.28,500.0,5.0,13:44,01:44 PM,,
193.32,193.2145,193.3,110583.0,21375570.83,864.0,193.2708,193.2971,2023-12-27,AAPL,US,193.32,193.28,193.307,193307.0,193.28,193.31,1000.0,10.0,13:45,01:45 PM,,
193.3216,193.255,193.29,54112.0,10459361.06,661.0,193.29,193.3174,2023-12-27,AAPL,US,193.32,193.27,193.298,212627.5,193.27,193.32,1100.0,11.0,13:46,01:46 PM,,
193.4,193.31,193.36,111074.0,21477470.09,902.0,193.315,193.355,2023-12-27,AAPL,US,193.395,193.33,193.369,212705.5,193.33,193.395,1100.0,11.0,13:47,01:47 PM,,
193.43,193.3563,193.39,92902.0,17966359.35,756.0,193.36,193.4,2023-12-27,AAPL,US,193.395,193.375,193.385,58015.5,193.375,193.395,300.0,3.0,13:48,01:48 PM,,
193.41,193.375,193.4,47839.0,9251896.23,584.0,193.3901,193.4001,2023-12-27,AAPL,US,193.4,193.39,193.395,38679.0,193.39,193.4,200.0,2.0,13:49,01:49 PM,,
193.48,193.35,193.45,69433.0,13431589.51,695.0,193.4097,193.475,2023-12-27,AAPL,US,193.47,193.45,193.46,58038.0,193.47,193.45,300.0,3.0,13:50,01:50 PM,,
193.48,193.36,193.42,134997.0,26111107.69,1553.0,193.4799,193.44,2023-12-27,AAPL,US,193.46,193.38,193.417,116050.0,193.38,193.38,600.0,6.0,13:51,01:51 PM,,
193.46,193.3399,193.43,54901.0,10619510.96,587.0,193.4301,193.445,2023-12-27,AAPL,US,193.46,193.42,193.434,174091.0,193.46,193.43,900.0,9.0,13:52,01:52 PM,,
193.5,193.45,193.48,61043.0,11810481.24,722.0,193.45,193.4783,2023-12-27,AAPL,US,193.49,193.46,193.479,193479.0,193.46,193.48,1000.0,10.0,13:53,01:53 PM,,
193.49,193.42,193.46,53120.0,10276455.95,526.0,193.4799,193.43,2023-12-27,AAPL,US,193.485,193.425,193.455,38691.0,193.485,193.425,200.0,2.0,13:54,01:54 PM,,
193.49,193.405,193.45,69928.0,13527363.28,893.0,193.43,193.4399,2023-12-27,AAPL,US,193.48,193.42,193.451,135416.0,193.45,193.42,700.0,7.0,13:55,01:55 PM,,
193.47,193.4,193.43,55246.0,10686379.8,739.0,193.435,193.43,2023-12-27,AAPL,US,,,,,,,,,13:56,01:56 PM,,
193.43,193.37,193.4,61946.0,11980487.36,666.0,193.425,193.39,2023-12-27,AAPL,US,193.425,193.39,193.415,406172.0,193.425,193.39,2100.0,18.0,13:57,01:57 PM,,
193.4421,193.36,193.38,53625.0,10370180.56,598.0,193.385,193.3944,2023-12-27,AAPL,US,193.375,193.36,193.367,58010.0,193.36,193.375,300.0,3.0,13:58,01:58 PM,,
193.4,193.345,193.37,44148.0,8536815.05,622.0,193.39,193.3818,2023-12-27,AAPL,US,193.37,193.355,193.362,58008.5,193.37,193.36,300.0,3.0,13:59,01:59 PM,,
193.38,193.055,193.17,178842.0,34546997.99,1885.0,193.38,193.12,2023-12-27,AAPL,US,193.23,193.085,193.151,154521.0,193.2,193.11,800.0,8.0,14:00,02:00 PM,,
193.2742,193.1,193.14,70474.0,13611480.11,740.0,193.11,193.1667,2023-12-27,AAPL,US,193.15,193.11,193.13,77252.0,193.13,193.11,400.0,4.0,14:01,02:01 PM,,
193.299,192.99,193.07,84706.0,16353563.31,962.0,193.17,192.995,2023-12-27,AAPL,US,,,,,,,,,14:02,02:02 PM,,
193.065,192.96,193.02,100922.0,19479519.23,913.0,193.0,193.04,2023-12-27,AAPL,US,193.05,193.0,193.02,135114.0,193.0,193.0,700.0,6.0,14:03,02:03 PM,,
193.08,192.93,193.0,114037.0,22009620.77,1539.0,193.0401,193.005,2023-12-27,AAPL,US,193.08,192.96,193.006,289509.0,193.08,193.0,1500.0,12.0,14:04,02:04 PM,,
193.01,192.95,192.98,80124.0,15462418.38,781.0,192.995,192.98,2023-12-27,AAPL,US,192.98,192.965,192.972,96486.0,192.965,192.98,500.0,4.0,14:05,02:05 PM,,
193.085,192.98,193.03,59047.0,11398128.58,723.0,192.98,193.01,2023-12-27,AAPL,US,193.035,193.005,193.02,77208.0,193.035,193.005,400.0,4.0,14:06,02:06 PM,,
193.039,192.99,193.02,41038.0,7921000.34,485.0,193.015,193.01,2023-12-27,AAPL,US,193.02,193.005,193.014,96507.0,193.005,193.01,500.0,5.0,14:07,02:07 PM,,
193.1,192.96,193.04,64933.0,12534388.7,626.0,193.005,193.09,2023-12-27,AAPL,US,,,,,,,,,14:08,02:08 PM,,
193.1,192.98,193.04,106934.0,20641611.79,949.0,193.095,193.04,2023-12-27,AAPL,US,193.095,193.02,193.042,135129.5,193.095,193.05,700.0,5.0,14:09,02:09 PM,,
193.05,192.92,193.01,81274.0,15687015.76,1057.0,193.02,193.02,2023-12-27,AAPL,US,193.015,192.97,192.985,57895.5,192.97,193.015,300.0,3.0,14:10,02:10 PM,,
193.02,192.87,192.94,91731.0,17698017.37,1165.0,193.01,192.9416,2023-12-27,AAPL,US,193.02,192.91,192.95,77180.0,193.02,192.91,400.0,4.0,14:11,02:11 PM,,
193.06,192.79,192.86,210718.0,40662881.56,1034.0,192.95,192.87,2023-12-27,AAPL,US,192.96,192.81,192.866,231439.5,192.96,192.82,1200.0,12.0,14:12,02:12 PM,,
192.885,192.82,192.85,63160.0,12180541.26,767.0,192.865,192.88,2023-12-27,AAPL,US,192.875,192.86,192.866,77146.5,192.87,192.875,400.0,4.0,14:13,02:13 PM,,
192.9587,192.8,192.85,76842.0,14819017.55,1094.0,192.87,192.855,2023-12-27,AAPL,US,192.87,192.85,192.856,809995.0,192.87,192.86,4200.0,42.0,14:14,02:14 PM,,
192.885,192.805,192.83,39527.0,7621999.81,631.0,192.86,192.815,2023-12-27,AAPL,US,192.85,192.805,192.83,57849.0,192.835,192.805,300.0,3.0,14:15,02:15 PM,,
192.83,192.79,192.81,72720.0,14021152.0,771.0,192.81,192.815,2023-12-27,AAPL,US,,,,,,,,,14:16,02:16 PM,,
192.85,192.78,192.82,60657.0,11696172.69,606.0,192.8159,192.83,2023-12-27,AAPL,US,192.845,192.81,192.835,385670.5,192.815,192.845,2000.0,10.0,14:17,02:17 PM,,
192.88,192.8145,192.85,58183.0,11220812.15,667.0,192.82,192.87,2023-12-27,AAPL,US,,,,,,,,,14:18,02:18 PM,,
192.9268,192.85,192.89,84166.0,16234933.24,771.0,192.8799,192.91,2023-12-27,AAPL,US,192.92,192.855,192.891,308625.0,192.88,192.9,1600.0,15.0,14:19,02:19 PM,,
192.97,192.89,192.93,89098.0,17189536.01,977.0,192.91,192.895,2023-12-27,AAPL,US,192.965,192.915,192.932,154345.5,192.915,192.93,800.0,8.0,14:20,02:20 PM,,
192.93,192.875,192.9,43317.0,8355972.43,620.0,192.895,192.91,2023-12-27,AAPL,US,192.92,192.905,192.911,115746.5,192.905,192.92,600.0,6.0,14:21,02:21 PM,,
192.99,192.88,192.95,101044.0,19494302.42,1035.0,192.91,192.955,2023-12-27,AAPL,US,192.98,192.905,192.956,385911.0,192.905,192.955,2000.0,17.0,14:22,02:22 PM,,
193.08,192.955,193.04,100214.0,19345037.37,1073.0,192.955,193.055,2023-12-27,AAPL,US,193.08,192.99,193.043,270260.0,192.99,193.05,1400.0,14.0,14:23,02:23 PM,,
193.06,193.03,193.05,31179.0,6019047.81,432.0,193.05,193.045,2023-12-27,AAPL,US,193.05,193.05,193.05,115830.0,193.05,193.05,600.0,6.0,14:24,02:24 PM,,
193.09,193.02,193.06,53921.0,10410098.0,585.0,193.045,193.035,2023-12-27,AAPL,US,193.09,193.055,193.066,193065.5,193.055,193.075,1000.0,6.0,14:25,02:25 PM,,
193.24,192.991,193.14,240747.0,46491379.61,1825.0,193.035,193.195,2023-12-27,AAPL,US,193.21,193.01,193.154,386308.0,193.01,193.18,2000.0,19.0,14:26,02:26 PM,,
193.205,193.1,193.15,58931.0,11382697.56,650.0,193.1999,193.11,2023-12-27,AAPL,US,193.14,193.1,193.123,57937.0,193.13,193.1,300.0,3.0,14:27,02:27 PM,,
193.15,193.0129,193.12,45407.0,8768835.83,528.0,193.105,193.145,2023-12-27,AAPL,US,193.1,193.1,193.1,19310.0,193.1,193.1,100.0,1.0,14:28,02:28 PM,,
193.1699,193.1,193.14,64188.0,12397382.9,595.0,193.145,193.15,2023-12-27,AAPL,US,193.16,193.11,193.141,366968.0,193.11,193.16,1900.0,18.0,14:29,02:29 PM,,
193.18,193.09,193.14,78794.0,15217899.65,861.0,193.17,193.1799,2023-12-27,AAPL,US,193.18,193.125,193.155,193155.0,193.14,193.17,1000.0,10.0,14:30,02:30 PM,,
193.18,193.15,193.16,49410.0,9544103.5,737.0,193.17,193.17,2023-12-27,AAPL,US,193.16,193.155,193.158,154526.0,193.16,193.155,800.0,7.0,14:31,02:31 PM,,
193.175,193.11,193.14,55137.0,10648805.41,581.0,193.17,193.145,2023-12-27,AAPL,US,193.13,193.12,193.127,96563.5,193.12,193.13,500.0,5.0,14:32,02:32 PM,,
193.24,193.145,193.19,63544.0,12276376.59,737.0,193.15,193.1999,2023-12-27,AAPL,US,193.24,193.155,193.18,115908.0,193.155,193.24,600.0,6.0,14:33,02:33 PM,,
193.205,193.09,193.14,59585.0,11508055.79,705.0,193.1987,193.15,2023-12-27,AAPL,US,193.185,193.1,193.138,57941.5,193.185,193.13,300.0,3.0,14:34,02:34 PM,,
193.2099,193.1516,193.18,38672.0,7470738.36,396.0,193.1516,193.195,2023-12-27,AAPL,US,,,,,,,,,14:35,02:35 PM,,
193.2,193.1601,193.18,37906.0,7322696.03,429.0,193.195,193.1802,2023-12-27,AAPL,US,,,,,,,,,14:36,02:36 PM,,
193.2,193.17,193.18,25252.0,4878278.16,413.0,193.18,193.19,2023-12-27,AAPL,US,193.185,193.18,193.183,115909.5,193.18,193.18,600.0,6.0,14:37,02:37 PM,,
193.2,193.155,193.17,27052.0,5225759.57,588.0,193.195,193.1578,2023-12-27,AAPL,US,193.19,193.16,193.175,77270.0,193.19,193.16,400.0,4.0,14:38,02:38 PM,,
193.1899,193.125,193.15,30451.0,5881805.63,1198.0,193.16,193.1299,2023-12-27,AAPL,US,193.18,193.17,193.172,96586.0,193.18,193.17,500.0,5.0,14:39,02:39 PM,,
193.125,193.06,193.1,75485.0,14576084.09,681.0,193.125,193.07,2023-12-27,AAPL,US,193.12,193.085,193.103,96551.5,193.11,193.085,500.0,5.0,14:40,02:40 PM,,
193.1296,193.05,193.08,59963.0,11577373.6,761.0,193.0602,193.095,2023-12-27,AAPL,US,193.1,193.08,193.087,57926.0,193.08,193.1,300.0,3.0,14:41,02:41 PM,,
193.105,192.935,192.99,188328.0,36341068.8,1070.0,193.1,192.955,2023-12-27,AAPL,US,193.0,192.96,192.98,212278.0,192.99,192.97,1100.0,9.0,14:42,02:42 PM,,
193.0819,192.92,192.96,33285.0,6422657.49,533.0,192.955,192.935,2023-12-27,AAPL,US,192.98,192.955,192.968,38593.5,192.955,192.98,200.0,2.0,14:43,02:43 PM,,
192.96,192.8903,192.92,47785.0,9218678.93,657.0,192.93,192.9558,2023-12-27,AAPL,US,192.945,192.92,192.934,115760.5,192.92,192.945,600.0,6.0,14:44,02:44 PM,,
193.02,192.92,192.98,40255.0,7768122.75,1447.0,192.955,193.0038,2023-12-27,AAPL,US,193.01,193.0,193.005,38601.0,193.0,193.01,200.0,2.0,14:45,02:45 PM,,
193.07,192.9747,193.04,42306.0,8166975.28,499.0,193.01,193.06,2023-12-27,AAPL,US,193.06,193.06,193.06,96530.0,193.06,193.06,500.0,3.0,14:46,02:46 PM,,
193.065,192.9694,193.05,25430.0,4909370.61,381.0,193.055,193.065,2023-12-27,AAPL,US,193.065,193.055,193.059,77223.5,193.06,193.065,400.0,4.0,14:47,02:47 PM,,
193.06,192.9884,193.04,21096.0,4072466.88,402.0,193.06,193.05,2023-12-27,AAPL,US,193.045,193.03,193.035,173731.5,193.03,193.045,900.0,4.0,14:48,02:48 PM,,
193.095,193.045,193.06,39173.0,7562832.87,507.0,193.06,193.095,2023-12-27,AAPL,US,193.095,193.06,193.082,57924.5,193.06,193.095,300.0,3.0,14:49,02:49 PM,,
193.13,193.05,193.1,44433.0,8580056.83,579.0,193.09,193.06,2023-12-27,AAPL,US,193.12,193.09,193.108,77243.0,193.1,193.09,400.0,4.0,14:50,02:50 PM,,
193.085,192.96,193.03,100368.0,19373544.11,1324.0,193.06,192.98,2023-12-27,AAPL,US,193.085,192.97,193.047,366788.5,193.065,192.98,1900.0,19.0,14:51,02:51 PM,,
192.98,192.84,192.9,71929.0,13874878.84,944.0,192.98,192.86,2023-12-27,AAPL,US,,,,,,,,,14:52,02:52 PM,,
193.0038,192.84,192.87,54441.0,10499951.74,514.0,192.875,192.85,2023-12-27,AAPL,US,192.87,192.85,192.858,96429.0,192.87,192.85,500.0,5.0,14:53,02:53 PM,,
192.86,192.76,192.82,90345.0,17419623.34,930.0,192.85,192.82,2023-12-27,AAPL,US,,,,,,,,,14:54,02:54 PM,,
192.9418,192.79,192.82,46303.0,8928258.98,551.0,192.83,192.7994,2023-12-27,AAPL,US,192.86,192.77,192.832,347097.5,192.85,192.825,1800.0,18.0,14:55,02:55 PM,,
192.8964,192.79,192.85,55999.0,10799139.16,650.0,192.8,192.8883,2023-12-27,AAPL,US,192.885,192.8,192.834,559218.5,192.8,192.885,2900.0,23.0,14:56,02:56 PM,,
192.93,192.8417,192.9,53551.0,10330097.42,644.0,192.8884,192.9199,2023-12-27,AAPL,US,192.92,192.885,192.896,829452.5,192.895,192.92,4300.0,30.0,14:57,02:57 PM,,
193.0,192.914,192.96,54270.0,10471871.75,667.0,192.914,192.971,2023-12-27,AAPL,US,,,,,,,,,14:58,02:58 PM,,
192.9775,192.8667,192.95,52254.0,10082581.36,1654.0,192.9716,192.92,2023-12-27,AAPL,US,192.975,192.925,192.957,212253.0,192.975,192.925,1100.0,11.0,14:59,02:59 PM,,
192.96,192.885,192.92,131284.0,25325918.77,855.0,192.92,192.91,2023-12-27,AAPL,US,192.935,192.89,192.905,212196.0,192.89,192.91,1100.0,11.0,15:00,03:00 PM,,
192.96,192.89,192.92,59156.0,11412333.83,660.0,192.92,192.905,2023-12-27,AAPL,US,192.95,192.91,192.926,231511.0,192.91,192.92,1200.0,7.0,15:01,03:01 PM,,
192.97,192.9,192.93,63146.0,12183178.88,615.0,192.91,192.97,2023-12-27,AAPL,US,,,,,,,,,15:02,03:02 PM,,
192.99,192.9296,192.97,90245.0,17413105.39,596.0,192.97,192.97,2023-12-27,AAPL,US,192.985,192.95,192.965,192965.0,192.98,192.97,1000.0,10.0,15:03,03:03 PM,,
193.01,192.945,192.98,50273.0,9701692.63,708.0,192.97,192.965,2023-12-27,AAPL,US,192.96,192.96,192.96,19296.0,192.96,192.96,100.0,1.0,15:04,03:04 PM,,
192.9799,192.85,192.93,45968.0,8868745.95,635.0,192.9652,192.86,2023-12-27,AAPL,US,,,,,,,,,15:05,03:05 PM,,
192.95,192.845,192.91,54976.0,10605077.75,771.0,192.85,192.95,2023-12-27,AAPL,US,192.94,192.85,192.904,212194.0,192.85,192.94,1100.0,11.0,15:06,03:06 PM,,
192.945,192.87,192.9,64502.0,12441981.82,817.0,192.94,192.9257,2023-12-27,AAPL,US,192.91,192.88,192.896,231475.0,192.9,192.89,1200.0,12.0,15:07,03:07 PM,,
192.95,192.8714,192.92,46157.0,8904640.21,592.0,192.88,192.92,2023-12-27,AAPL,US,192.95,192.9,192.93,289394.5,192.91,192.91,1500.0,11.0,15:08,03:08 PM,,
192.9235,192.895,192.91,33109.0,6387121.17,529.0,192.92,192.905,2023-12-27,AAPL,US,,,,,,,,,15:09,03:09 PM,,
192.92,192.86,192.89,34188.0,6594690.49,575.0,192.91,192.88,2023-12-27,AAPL,US,192.91,192.88,192.898,192898.0,192.905,192.88,1000.0,10.0,15:10,03:10 PM,,
192.955,192.8601,192.9,59794.0,11534866.6,664.0,192.88,192.95,2023-12-27,AAPL,US,192.94,192.89,192.904,154323.5,192.89,192.94,800.0,8.0,15:11,03:11 PM,,
192.98,192.92,192.95,44949.0,8672959.66,555.0,192.95,192.9642,2023-12-27,AAPL,US,,,,,,,,,15:12,03:12 PM,,
192.96,192.89,192.92,43821.0,8453860.63,711.0,192.96,192.94,2023-12-27,AAPL,US,192.96,192.93,192.948,77179.0,192.96,192.94,400.0,4.0,15:13,03:13 PM,,
192.935,192.88,192.9,30235.0,5832331.49,470.0,192.935,192.9165,2023-12-27,AAPL,US,192.905,192.905,192.905,19290.5,192.905,192.905,100.0,1.0,15:14,03:14 PM,,
193.03,192.88,192.96,86054.0,16605322.57,743.0,192.895,193.03,2023-12-27,AAPL,US,193.01,192.93,192.971,135079.5,192.93,193.01,700.0,7.0,15:15,03:15 PM,,
193.02,192.9523,193.0,55643.0,10739183.45,699.0,193.02,192.9761,2023-12-27,AAPL,US,193.02,192.99,193.004,212304.5,193.015,193.0,1100.0,11.0,15:16,03:16 PM,,
193.0199,192.9536,192.99,38204.0,7372923.02,523.0,192.98,192.965,2023-12-27,AAPL,US,193.0,192.97,192.985,38597.0,193.0,192.97,200.0,2.0,15:17,03:17 PM,,
192.99,192.95,192.97,30068.0,5802171.8,485.0,192.965,192.965,2023-12-27,AAPL,US,192.98,192.955,192.972,578914.5,192.975,192.965,3000.0,27.0,15:18,03:18 PM,,
193.02,192.965,192.99,49980.0,9645700.93,649.0,192.965,193.015,2023-12-27,AAPL,US,193.02,192.965,192.985,540358.0,192.965,193.02,2800.0,25.0,15:19,03:19 PM,,
193.04,192.9538,193.01,45837.0,8847125.6,658.0,193.01,193.01,2023-12-27,AAPL,US,193.03,193.0,193.009,231611.0,193.005,193.01,1200.0,12.0,15:20,03:20 PM,,
193.03,192.983,193.01,56581.0,10920698.77,772.0,193.005,192.985,2023-12-27,AAPL,US,193.03,193.0,193.022,270231.0,193.025,193.0,1400.0,14.0,15:21,03:21 PM,,
193.01,192.96,192.98,36393.0,7023294.41,572.0,192.99,192.96,2023-12-27,AAPL,US,,,,,,,,,15:22,03:22 PM,,
192.9939,192.915,192.93,43786.0,8447906.21,547.0,192.95,192.9423,2023-12-27,AAPL,US,192.94,192.915,192.933,96466.5,192.94,192.94,500.0,5.0,15:23,03:23 PM,,
192.9818,192.91,192.94,45492.0,8777127.41,689.0,192.95,192.94,2023-12-27,AAPL,US,192.96,192.92,192.944,173650.0,192.92,192.96,900.0,9.0,15:24,03:24 PM,,
192.9746,192.81,192.88,99600.0,19210553.58,1147.0,192.9471,192.9214,2023-12-27,AAPL,US,192.94,192.82,192.889,327911.0,192.94,192.94,1700.0,17.0,15:25,03:25 PM,,
192.945,192.86,192.9,34846.0,6721770.52,608.0,192.93,192.87,2023-12-27,AAPL,US,192.92,192.875,192.901,135030.5,192.92,192.875,700.0,7.0,15:26,03:26 PM,,
192.91,192.85,192.88,40488.0,7809449.32,563.0,192.8701,192.88,2023-12-27,AAPL,US,192.89,192.88,192.883,57865.0,192.88,192.89,300.0,3.0,15:27,03:27 PM,,
192.9,192.855,192.88,43746.0,8437726.3,604.0,192.874,192.87,2023-12-27,AAPL,US,192.89,192.88,192.883,173595.0,192.88,192.89,900.0,5.0,15:28,03:28 PM,,
192.94,192.8501,192.89,34619.0,6677834.51,537.0,192.865,192.93,2023-12-27,AAPL,US,192.92,192.89,192.9,77160.0,192.89,192.92,400.0,4.0,15:29,03:29 PM,,
192.98,192.8906,192.95,74942.0,14460348.46,713.0,192.93,192.9599,2023-12-27,AAPL,US,192.97,192.95,192.96,38592.0,192.97,192.95,200.0,2.0,15:30,03:30 PM,,
192.986,192.918,192.96,44300.0,8548191.03,582.0,192.955,192.935,2023-12-27,AAPL,US,192.98,192.96,192.965,96482.5,192.96,192.96,500.0,5.0,15:31,03:31 PM,,
192.97,192.911,192.94,40303.0,7776158.59,1710.0,192.93,192.925,2023-12-27,AAPL,US,192.955,192.925,192.944,135061.0,192.945,192.925,700.0,7.0,15:32,03:32 PM,,
193.0,192.6667,192.96,51562.0,9948382.78,666.0,192.925,192.9901,2023-12-27,AAPL,US,192.995,192.94,192.972,154377.5,192.94,192.995,800.0,8.0,15:33,03:33 PM,,
193.02,192.9652,193.0,58075.0,11208771.79,768.0,192.995,193.005,2023-12-27,AAPL,US,193.01,193.0,193.002,135101.5,193.0,193.0,700.0,7.0,15:34,03:34 PM,,
193.025,192.9769,193.01,57774.0,11150831.93,1853.0,193.01,193.0106,2023-12-27,AAPL,US,,,,,,,,,15:35,03:35 PM,,
193.1,192.9913,193.06,342647.0,66154245.48,935.0,193.01,193.095,2023-12-27,AAPL,US,193.015,193.0,193.007,250909.0,193.015,193.01,1300.0,13.0,15:36,03:36 PM,,
193.115,193.0255,193.09,103966.0,20074631.34,849.0,193.095,193.07,2023-12-27,AAPL,US,193.095,193.08,193.09,115854.0,193.095,193.08,600.0,6.0,15:37,03:37 PM,,
193.0967,193.0398,193.08,89363.0,17254024.75,883.0,193.075,193.085,2023-12-27,AAPL,US,193.09,193.07,193.084,135159.0,193.09,193.09,700.0,7.0,15:38,03:38 PM,,
193.09,193.05,193.07,48758.0,9413754.06,670.0,193.08,193.0869,2023-12-27,AAPL,US,193.09,193.055,193.07,135149.0,193.08,193.07,700.0,7.0,15:39,03:39 PM,,
193.11,193.04,193.08,127014.0,24524703.97,1035.0,193.0661,193.095,2023-12-27,AAPL,US,193.1,193.05,193.078,366848.0,193.085,193.095,1900.0,18.0,15:40,03:40 PM,,
193.12,192.98,193.07,100583.0,19419126.65,2126.0,193.1,193.0044,2023-12-27,AAPL,US,193.12,193.005,193.076,115845.5,193.11,193.005,600.0,6.0,15:41,03:41 PM,,
193.0728,192.9232,192.98,50520.0,9749153.66,732.0,192.98,192.945,2023-12-27,AAPL,US,193.01,192.93,192.952,154361.5,193.01,192.955,800.0,8.0,15:42,03:42 PM,,
193.06,192.89,192.93,44919.0,8666004.2,700.0,192.94,192.94,2023-12-27,AAPL,US,,,,,,,,,15:43,03:43 PM,,
192.98,192.905,192.95,39631.0,7646585.99,660.0,192.94,192.9075,2023-12-27,AAPL,US,192.975,192.93,192.95,135065.0,192.94,192.93,700.0,7.0,15:44,03:44 PM,,
193.0028,192.85,192.89,73341.0,14146724.39,900.0,192.905,192.885,2023-12-27,AAPL,US,192.93,192.855,192.89,424358.0,192.895,192.885,2200.0,20.0,15:45,03:45 PM,,
192.9303,192.82,192.86,59267.0,11430081.95,820.0,192.885,192.8388,2023-12-27,AAPL,US,192.885,192.825,192.856,462854.0,192.885,192.84,2400.0,18.0,15:46,03:46 PM,,
192.9,192.77,192.81,897064.0,173034896.38,1186.0,192.83,192.805,2023-12-27,AAPL,US,192.83,192.785,192.8,269920.0,192.805,192.795,1400.0,11.0,15:47,03:47 PM,,
192.9,192.7829,192.84,75220.0,14505227.04,973.0,192.805,192.84,2023-12-27,AAPL,US,192.89,192.795,192.827,327806.0,192.795,192.82,1700.0,17.0,15:48,03:48 PM,,
192.8669,192.82,192.85,78809.0,15197888.85,875.0,192.85,192.833,2023-12-27,AAPL,US,,,,,,,,,15:49,03:49 PM,,
192.895,192.73,192.82,171899.0,33145162.83,2134.0,192.84,192.78,2023-12-27,AAPL,US,192.86,192.8,192.845,308551.5,192.84,192.8,1600.0,14.0,15:50,03:50 PM,,
192.98,192.77,192.91,227764.0,43933131.83,2109.0,192.78,192.955,2023-12-27,AAPL,US,192.89,192.74,192.823,674882.0,192.8,192.77,3500.0,34.0,15:51,03:51 PM,,
192.99,192.8537,192.93,126328.0,24371894.6,1579.0,192.96,192.93,2023-12-27,AAPL,US,192.99,192.88,192.93,636670.0,192.98,192.9,3300.0,29.0,15:52,03:52 PM,,
193.0,192.8806,192.95,84999.0,16401091.51,1128.0,192.93,192.94,2023-12-27,AAPL,US,192.99,192.925,192.957,540279.5,192.94,192.95,2800.0,21.0,15:53,03:53 PM,,
192.94,192.8579,192.9,643782.0,124188257.26,1721.0,192.94,192.86,2023-12-27,AAPL,US,,,,,,,,,15:54,03:54 PM,,
192.98,192.83,192.91,186445.0,35967448.43,2229.0,192.865,192.96,2023-12-27,AAPL,US,192.94,192.88,192.911,482276.5,192.94,192.88,2500.0,20.0,15:55,03:55 PM,,
193.01,192.915,192.96,181362.0,34995611.33,2224.0,192.955,193.0,2023-12-27,AAPL,US,192.98,192.84,192.927,463025.5,192.88,192.955,2400.0,20.0,15:56,03:56 PM,,
193.03,192.9361,192.98,194176.0,37473650.0,2015.0,193.01,192.97,2023-12-27,AAPL,US,193.01,192.935,192.97,752584.0,192.955,193.01,3900.0,27.0,15:57,03:57 PM,,
193.1,192.9552,193.0,256798.0,49561142.6,2856.0,192.97,192.97,2023-12-27,AAPL,US,193.02,192.96,192.983,559651.5,193.01,192.99,2900.0,21.0,15:58,03:58 PM,,
193.22,192.975,193.08,1163085.0,224557338.62,8640.0,192.975,193.19,2023-12-27,AAPL,US,193.22,192.98,193.074,3803552.0,192.985,193.2,19700.0,145.0,15:59,03:59 PM,,
193.19,193.12,193.15,13715803.0,2649207385.23,194.0,193.15,193.15,2023-12-27,AAPL,US,,,,,,,,,16:00,04:00 PM,,
,,,,,,,,2023-12-28,,,194.15,194.12,194.135,38827.0,194.12,194.15,200.0,2.0,09:30,09:30 AM,,
,,,,,,,,2023-12-28,,,194.65,194.02,194.528,2295435.5,194.12,194.57,11800.0,81.0,09:31,09:31 AM,,
,,,,,,,,2023-12-28,,,194.55,194.49,194.518,155614.0,194.55,194.54,800.0,8.0,09:32,09:32 AM,,
,,,,,,,,2023-12-28,,,194.47,194.405,194.441,1147200.0,194.43,194.425,5900.0,35.0,09:33,09:33 AM,,
,,,,,,,,2023-12-28,,,194.37,194.105,194.194,194193.5,194.37,194.23,1000.0,10.0,09:34,09:34 AM,,
,,,,,,,,2023-12-28,,,,,,,,,,,09:35,09:35 AM,,
,,,,,,,,2023-12-28,,,194.28,194.24,194.253,116552.0,194.25,194.28,600.0,6.0,09:36,09:36 AM,,
,,,,,,,,2023-12-28,,,194.28,194.245,194.265,97132.5,194.245,194.28,500.0,4.0,09:37,09:37 AM,,
,,,,,,,,2023-12-28,,,194.405,194.32,194.378,291566.5,194.32,194.365,1500.0,15.0,09:38,09:38 AM,,
,,,,,,,,2023-12-28,,,194.395,194.345,194.371,116622.5,194.35,194.345,600.0,5.0,09:39,09:39 AM,,
,,,,,,,,2023-12-28,,,,,,,,,,,09:40,09:40 AM,,
,,,,,,,,2023-12-28,,,194.345,194.23,194.294,369158.5,194.235,194.335,1900.0,19.0,09:41,09:41 AM,,
,,,,,,,,2023-12-28,,,194.505,194.415,194.451,233341.5,194.44,194.445,1200.0,12.0,09:42,09:42 AM,,
,,,,,,,,2023-12-28,,,194.545,194.45,194.493,564030.5,194.475,194.5,2900.0,18.0,09:43,09:43 AM,,
,,,,,,,,2023-12-28,,,194.635,194.54,194.601,97300.5,194.56,194.635,500.0,4.0,09:44,09:44 AM,,
,,,,,,,,2023-12-28,,,194.64,194.595,194.609,175148.5,194.6,194.605,900.0,9.0,09:45,09:45 AM,,
,,,,,,,,2023-12-28,,,194.575,194.545,194.573,252944.5,194.575,194.545,1300.0,3.0,09:46,09:46 AM,,
,,,,,,,,2023-12-28,,,194.56,194.335,194.412,194411.5,194.56,194.335,1000.0,5.0,09:47,09:47 AM,,
,,,,,,,,2023-12-28,,,194.295,194.13,194.214,330164.0,194.295,194.17,1700.0,12.0,09:48,09:48 AM,,
,,,,,,,,2023-12-28,,,194.275,194.13,194.199,951575.0,194.13,194.275,4900.0,18.0,09:49,09:49 AM,,
,,,,,,,,2023-12-28,,,194.245,194.215,194.241,485602.0,194.245,194.23,2500.0,8.0,09:50,09:50 AM,,
,,,,,,,,2023-12-28,,,194.21,194.195,194.203,97101.5,194.205,194.21,500.0,4.0,09:51,09:51 AM,,
,,,,,,,,2023-12-28,,,194.295,194.18,194.219,77687.5,194.18,194.295,400.0,4.0,09:52,09:52 AM,,
,,,,,,,,2023-12-28,,,194.29,194.2,194.233,58270.0,194.29,194.21,300.0,3.0,09:53,09:53 AM,,
,,,,,,,,2023-12-28,,,194.195,194.13,194.163,97081.5,194.175,194.14,500.0,4.0,09:54,09:54 AM,,
,,,,,,,,2023-12-28,,,194.125,194.085,194.103,116462.0,194.095,194.125,600.0,6.0,09:55,09:55 AM,,
,,,,,,,,2023-12-28,,,194.095,193.98,194.036,194035.5,194.095,194.04,1000.0,10.0,09:56,09:56 AM,,
,,,,,,,,2023-12-28,,,,,,,,,,,09:57,09:57 AM,,
,,,,,,,,2023-12-28,,,194.105,194.015,194.048,58214.5,194.015,194.105,300.0,3.0,09:58,09:58 AM,,
,,,,,,,,2023-12-28,,,,,,,,,,,09:59,09:59 AM,,
,,,,,,,,2023-12-28,,,194.155,194.1,194.127,213540.0,194.1,194.145,1100.0,10.0,10:00,10:00 AM,,
,,,,,,,,2023-12-28,,,194.18,194.15,194.166,77666.5,194.155,194.18,400.0,4.0,10:01,10:01 AM,,
,,,,,,,,2023-12-28,,,194.22,194.165,194.173,310676.5,194.175,194.175,1600.0,6.0,10:02,10:02 AM,,
,,,,,,,,2023-12-28,,,194.165,194.03,194.11,329987.5,194.15,194.03,1700.0,13.0,10:03,10:03 AM,,
,,,,,,,,2023-12-28,,,194.015,193.95,193.986,174587.0,194.005,193.95,900.0,9.0,10:04,10:04 AM,,
,,,,,,,,2023-12-28,,,193.935,193.875,193.911,116346.5,193.91,193.875,600.0,4.0,10:05,10:05 AM,,
,,,,,,,,2023-12-28,,,193.895,193.85,193.879,96939.5,193.885,193.85,500.0,5.0,10:06,10:06 AM,,
,,,,,,,,2023-12-28,,,193.83,193.76,193.805,135663.5,193.805,193.76,700.0,5.0,10:07,10:07 AM,,
,,,,,,,,2023-12-28,,,193.895,193.845,193.876,77550.5,193.845,193.89,400.0,4.0,10:08,10:08 AM,,
,,,,,,,,2023-12-28,,,193.915,193.88,193.892,58167.5,193.915,193.88,300.0,3.0,10:09,10:09 AM,,
,,,,,,,,2023-12-28,,,193.965,193.935,193.953,116371.5,193.935,193.965,600.0,5.0,10:10,10:10 AM,,
,,,,,,,,2023-12-28,,,193.965,193.91,193.93,116358.0,193.965,193.92,600.0,6.0,10:11,10:11 AM,,
,,,,,,,,2023-12-28,,,193.96,193.905,193.928,116357.0,193.96,193.905,600.0,5.0,10:12,10:12 AM,,
,,,,,,,,2023-12-28,,,193.895,193.88,193.883,96941.5,193.895,193.88,500.0,3.0,10:13,10:13 AM,,
,,,,,,,,2023-12-28,,,193.92,193.88,193.902,116341.0,193.915,193.88,600.0,6.0,10:14,10:14 AM,,
,,,,,,,,2023-12-28,,,194.01,194.01,194.01,97005.0,194.01,194.01,500.0,3.0,10:15,10:15 AM,,
,,,,,,,,2023-12-28,,,,,,,,,,,10:16,10:16 AM,,
,,,,,,,,2023-12-28,,,193.97,193.965,193.968,38793.5,193.965,193.97,200.0,2.0,10:17,10:17 AM,,
,,,,,,,,2023-12-28,,,193.95,193.93,193.94,116364.0,193.95,193.94,600.0,6.0,10:18,10:18 AM,,
,,,,,,,,2023-12-28,,,193.86,193.855,193.858,58157.5,193.855,193.86,300.0,3.0,10:19,10:19 AM,,
,,,,,,,,2023-12-28,,,193.925,193.89,193.9,213290.0,193.905,193.925,1100.0,9.0,10:20,10:20 AM,,
,,,,,,,,2023-12-28,,,194.06,193.95,193.987,116392.0,193.96,194.06,600.0,6.0,10:21,10:21 AM,,
,,,,,,,,2023-12-28,,,194.11,194.065,194.096,135867.0,194.075,194.11,700.0,4.0,10:22,10:22 AM,,
,,,,,,,,2023-12-28,,,194.15,194.14,194.146,77658.5,194.145,194.14,400.0,4.0,10:23,10:23 AM,,
,,,,,,,,2023-12-28,,,194.14,194.135,194.137,116482.0,194.14,194.135,600.0,4.0,10:24,10:24 AM,,
,,,,,,,,2023-12-28,,,194.23,194.185,194.199,135939.5,194.185,194.23,700.0,6.0,10:25,10:25 AM,,
,,,,,,,,2023-12-28,,,194.205,194.205,194.205,19420.5,194.205,194.205,100.0,1.0,10:26,10:26 AM,,
,,,,,,,,2023-12-28,,,194.18,194.145,194.164,155331.0,194.17,194.18,800.0,8.0,10:27,10:27 AM,,
,,,,,,,,2023-12-28,,,194.25,194.2,194.218,271904.5,194.2,194.25,1400.0,11.0,10:28,10:28 AM,,
,,,,,,,,2023-12-28,,,,,,,,,,,10:29,10:29 AM,,
,,,,,,,,2023-12-28,,,,,,,,,,,10:30,10:30 AM,,
,,,,,,,,2023-12-28,,,194.265,194.235,194.25,38850.0,194.235,194.265,200.0,2.0,10:31,10:31 AM,,
,,,,,,,,2023-12-28,,,194.285,194.27,194.28,97140.0,194.28,194.285,500.0,4.0,10:32,10:32 AM,,
,,,,,,,,2023-12-28,,,194.36,194.335,194.353,97176.5,194.335,194.36,500.0,5.0,10:33,10:33 AM,,
,,,,,,,,2023-12-28,,,194.35,194.325,194.338,97169.0,194.34,194.33,500.0,5.0,10:34,10:34 AM,,
,,,,,,,,2023-12-28,,,194.27,194.23,194.257,58277.0,194.27,194.23,300.0,3.0,10:35,10:35 AM,,
,,,,,,,,2023-12-28,,,194.235,194.205,194.225,155380.0,194.205,194.23,800.0,7.0,10:36,10:36 AM,,
,,,,,,,,2023-12-28,,,194.24,194.19,194.209,135946.5,194.22,194.2,700.0,7.0,10:37,10:37 AM,,
,,,,,,,,2023-12-28,,,194.22,194.18,194.202,97101.0,194.18,194.21,500.0,5.0,10:38,10:38 AM,,
,,,,,,,,2023-12-28,,,194.2,194.13,194.165,291247.0,194.195,194.185,1500.0,9.0,10:39,10:39 AM,,
,,,,,,,,2023-12-28,,,194.26,194.205,194.228,233074.0,194.205,194.255,1200.0,12.0,10:40,10:40 AM,,
,,,,,,,,2023-12-28,,,194.13,194.13,194.13,19413.0,194.13,194.13,100.0,1.0,10:41,10:41 AM,,
,,,,,,,,2023-12-28,,,194.14,194.115,194.128,38825.5,194.115,194.14,200.0,2.0,10:42,10:42 AM,,
,,,,,,,,2023-12-28,,,194.2,194.12,194.164,155331.0,194.12,194.2,800.0,8.0,10:43,10:43 AM,,
,,,,,,,,2023-12-28,,,194.24,194.215,194.227,97113.5,194.215,194.24,500.0,4.0,10:44,10:44 AM,,
,,,,,,,,2023-12-28,,,,,,,,,,,10:45,10:45 AM,,
,,,,,,,,2023-12-28,,,194.305,194.28,194.293,38858.5,194.305,194.28,200.0,2.0,10:46,10:46 AM,,
,,,,,,,,2023-12-28,,,194.295,194.295,194.295,19429.5,194.295,194.295,100.0,1.0,10:47,10:47 AM,,
,,,,,,,,2023-12-28,,,194.44,194.3,194.371,252682.0,194.3,194.43,1300.0,13.0,10:48,10:48 AM,,
,,,,,,,,2023-12-28,,,194.45,194.43,194.437,136106.0,194.43,194.43,700.0,7.0,10:49,10:49 AM,,
,,,,,,,,2023-12-28,,,194.47,194.435,194.454,136118.0,194.44,194.47,700.0,7.0,10:50,10:50 AM,,
,,,,,,,,2023-12-28,,,194.48,194.45,194.463,272247.5,194.455,194.46,1400.0,8.0,10:51,10:51 AM,,
,,,,,,,,2023-12-28,,,194.46,194.455,194.458,38891.5,194.455,194.46,200.0,2.0,10:52,10:52 AM,,
,,,,,,,,2023-12-28,,,194.47,194.44,194.444,311110.5,194.445,194.47,1600.0,9.0,10:53,10:53 AM,,
,,,,,,,,2023-12-28,,,,,,,,,,,10:54,10:54 AM,,
,,,,,,,,2023-12-28,,,194.44,194.37,194.412,213853.0,194.38,194.41,1100.0,11.0,10:55,10:55 AM,,
,,,,,,,,2023-12-28,,,194.365,194.25,194.302,466324.0,194.365,194.25,2400.0,19.0,10:56,10:56 AM,,
,,,,,,,,2023-12-28,,,194.315,194.24,194.272,174845.0,194.275,194.24,900.0,9.0,10:57,10:57 AM,,
,,,,,,,,2023-12-28,,,194.32,194.24,194.291,310865.5,194.295,194.28,1600.0,14.0,10:58,10:58 AM,,
,,,,,,,,2023-12-28,,,194.245,194.2,194.223,543824.0,194.245,194.23,2800.0,22.0,10:59,10:59 AM,,
,,,,,,,,2023-12-28,,,194.215,194.075,194.131,446502.0,194.205,194.12,2300.0,21.0,11:00,11:00 AM,,
,,,,,,,,2023-12-28,,,194.13,194.09,194.117,232940.5,194.12,194.09,1200.0,12.0,11:01,11:01 AM,,
,,,,,,,,2023-12-28,,,194.085,194.04,194.059,97029.5,194.085,194.065,500.0,4.0,11:02,11:02 AM,,
,,,,,,,,2023-12-28,,,194.09,194.05,194.076,174668.0,194.07,194.09,900.0,8.0,11:03,11:03 AM,,
,,,,,,,,2023-12-28,,,194.13,194.04,194.087,329948.5,194.04,194.13,1700.0,17.0,11:04,11:04 AM,,
,,,,,,,,2023-12-28,,,,,,,,,,,11:05,11:05 AM,,
,,,,,,,,2023-12-28,,,194.19,194.14,194.169,155335.5,194.155,194.19,800.0,8.0,11:06,11:06 AM,,
,,,,,,,,2023-12-28,,,194.2,194.14,194.165,116499.0,194.2,194.14,600.0,6.0,11:07,11:07 AM,,
,,,,,,,,2023-12-28,,,194.14,194.04,194.081,252305.0,194.13,194.04,1300.0,11.0,11:08,11:08 AM,,
,,,,,,,,2023-12-28,,,194.14,194.035,194.111,271755.5,194.035,194.14,1400.0,14.0,11:09,11:09 AM,,
,,,,,,,,2023-12-28,,,194.15,194.14,194.143,58243.0,194.15,194.14,300.0,3.0,11:10,11:10 AM,,
,,,,,,,,2023-12-28,,,194.17,194.13,194.156,252402.5,194.16,194.13,1300.0,13.0,11:11,11:11 AM,,
,,,,,,,,2023-12-28,,,194.15,194.07,194.103,329975.0,194.145,194.08,1700.0,15.0,11:12,11:12 AM,,
,,,,,,,,2023-12-28,,,194.11,194.065,194.081,213489.5,194.065,194.085,1100.0,11.0,11:13,11:13 AM,,
,,,,,,,,2023-12-28,,,194.16,194.065,194.112,174701.0,194.065,194.16,900.0,9.0,11:14,11:14 AM,,
,,,,,,,,2023-12-28,,,194.175,194.15,194.164,135915.0,194.15,194.175,700.0,7.0,11:15,11:15 AM,,
,,,,,,,,2023-12-28,,,194.17,194.1,194.117,349410.5,194.17,194.1,1800.0,15.0,11:16,11:16 AM,,
,,,,,,,,2023-12-28,,,194.12,194.04,194.065,388130.5,194.105,194.06,2000.0,20.0,11:17,11:17 AM,,
,,,,,,,,2023-12-28,,,,,,,,,,,11:18,11:18 AM,,
,,,,,,,,2023-12-28,,,194.025,193.925,193.981,620739.0,194.025,193.925,3200.0,30.0,11:19,11:19 AM,,
,,,,,,,,2023-12-28,,,194.02,193.895,193.96,329732.0,193.925,194.02,1700.0,17.0,11:20,11:20 AM,,
,,,,,,,,2023-12-28,,,194.06,194.03,194.047,194047.0,194.05,194.04,1000.0,9.0,11:21,11:21 AM,,
,,,,,,,,2023-12-28,,,194.09,194.03,194.058,97029.0,194.04,194.09,500.0,5.0,11:22,11:22 AM,,
,,,,,,,,2023-12-28,,,194.06,194.0,194.026,368650.0,194.02,194.03,1900.0,18.0,11:23,11:23 AM,,
,,,,,,,,2023-12-28,,,194.03,194.01,194.016,97008.0,194.03,194.01,500.0,5.0,11:24,11:24 AM,,
,,,,,,,,2023-12-28,,,193.95,193.9,193.922,446021.0,193.95,193.95,2300.0,22.0,11:25,11:25 AM,,
,,,,,,,,2023-12-28,,,,,,,,,,,11:26,11:26 AM,,
,,,,,,,,2023-12-28,,,194.02,193.925,193.991,232789.5,193.925,194.02,1200.0,10.0,11:27,11:27 AM,,
,,,,,,,,2023-12-28,,,194.04,193.97,194.0,116400.0,194.01,194.04,600.0,6.0,11:28,11:28 AM,,
,,,,,,,,2023-12-28,,,194.08,194.04,194.061,291091.5,194.045,194.055,1500.0,15.0,11:29,11:29 AM,,
,,,,,,,,2023-12-28,,,194.065,194.02,194.041,194040.5,194.065,194.04,1000.0,10.0,11:30,11:30 AM,,
,,,,,,,,2023-12-28,,,194.05,194.05,194.05,19405.0,194.05,194.05,100.0,1.0,11:31,11:31 AM,,
,,,,,,,,2023-12-28,,,194.1,194.04,194.068,291102.5,194.045,194.095,1500.0,15.0,11:32,11:32 AM,,
,,,,,,,,2023-12-28,,,194.135,194.09,194.115,135880.5,194.115,194.09,700.0,7.0,11:33,11:33 AM,,
,,,,,,,,2023-12-28,,,194.13,194.095,194.111,77644.5,194.095,194.13,400.0,4.0,11:34,11:34 AM,,
,,,,,,,,2023-12-28,,,194.13,194.095,194.106,252337.5,194.095,194.1,1300.0,11.0,11:35,11:35 AM,,
,,,,,,,,2023-12-28,,,194.13,194.09,194.117,427057.0,194.09,194.13,2200.0,11.0,11:36,11:36 AM,,
,,,,,,,,2023-12-28,,,194.16,194.13,194.147,194146.5,194.145,194.16,1000.0,10.0,11:37,11:37 AM,,
,,,,,,,,2023-12-28,,,194.16,194.15,194.154,174739.0,194.15,194.15,900.0,8.0,11:38,11:38 AM,,
,,,,,,,,2023-12-28,,,194.125,194.09,194.108,174697.5,194.11,194.125,900.0,9.0,11:39,11:39 AM,,
,,,,,,,,2023-12-28,,,,,,,,,,,11:40,11:40 AM,,
,,,,,,,,2023-12-28,,,194.13,194.1,194.122,427068.5,194.12,194.13,2200.0,19.0,11:41,11:41 AM,,
,,,,,,,,2023-12-28,,,194.15,194.135,194.144,194143.5,194.14,194.145,1000.0,10.0,11:42,11:42 AM,,
,,,,,,,,2023-12-28,,,,,,,,,,,11:43,11:43 AM,,
,,,,,,,,2023-12-28,,,194.155,194.1,194.126,271776.0,194.14,194.105,1400.0,14.0,11:44,11:44 AM,,
,,,,,,,,2023-12-28,,,194.145,194.09,194.113,174701.5,194.11,194.145,900.0,9.0,11:45,11:45 AM,,
,,,,,,,,2023-12-28,,,194.14,194.105,194.122,116473.0,194.13,194.125,600.0,6.0,11:46,11:46 AM,,
,,,,,,,,2023-12-28,,,194.145,194.105,194.131,155305.0,194.14,194.105,800.0,8.0,11:47,11:47 AM,,
,,,,,,,,2023-12-28,,,,,,,,,,,11:48,11:48 AM,,
,,,,,,,,2023-12-28,,,194.15,194.14,194.144,77657.5,194.14,194.15,400.0,4.0,11:49,11:49 AM,,
,,,,,,,,2023-12-28,,,194.15,194.115,194.136,194135.5,194.14,194.115,1000.0,10.0,11:50,11:50 AM,,
,,,,,,,,2023-12-28,,,194.17,194.135,194.151,349472.5,194.14,194.16,1800.0,17.0,11:51,11:51 AM,,
,,,,,,,,2023-12-28,,,194.115,194.09,194.108,97054.0,194.115,194.09,500.0,4.0,11:52,11:52 AM,,
,,,,,,,,2023-12-28,,,194.13,194.12,194.125,135887.5,194.12,194.125,700.0,7.0,11:53,11:53 AM,,
,,,,,,,,2023-12-28,,,194.16,194.12,194.142,388283.0,194.12,194.16,2000.0,10.0,11:54,11:54 AM,,
,,,,,,,,2023-12-28,,,194.2,194.165,194.181,349526.0,194.17,194.17,1800.0,14.0,11:55,11:55 AM,,
,,,,,,,,2023-12-28,,,194.22,194.18,194.199,582598.0,194.2,194.2,3000.0,24.0,11:56,11:56 AM,,
,,,,,,,,2023-12-28,,,194.2,194.125,194.154,232985.0,194.2,194.14,1200.0,12.0,11:57,11:57 AM,,
,,,,,,,,2023-12-28,,,194.11,194.09,194.105,194104.5,194.1,194.09,1000.0,10.0,11:58,11:58 AM,,
,,,,,,,,2023-12-28,,,194.13,194.1,194.124,213536.0,194.1,194.13,1100.0,11.0,11:59,11:59 AM,,
,,,,,,,,2023-12-28,,,194.125,194.08,194.112,427047.0,194.125,194.11,2200.0,22.0,12:00,12:00 PM,,
,,,,,,,,2023-12-28,,,194.18,194.12,194.142,271798.5,194.13,194.18,1400.0,14.0,12:01,12:01 PM,,
,,,,,,,,2023-12-28,,,194.2,194.185,194.195,97097.5,194.185,194.2,500.0,5.0,12:02,12:02 PM,,
,,,,,,,,2023-12-28,,,194.21,194.19,194.202,58260.5,194.19,194.205,300.0,3.0,12:03,12:03 PM,,
,,,,,,,,2023-12-28,,,194.25,194.21,194.239,213663.0,194.21,194.25,1100.0,9.0,12:04,12:04 PM,,
,,,,,,,,2023-12-28,,,194.27,194.23,194.242,252514.0,194.23,194.27,1300.0,10.0,12:05,12:05 PM,,
,,,,,,,,2023-12-28,,,,,,,,,,,12:06,12:06 PM,,
,,,,,,,,2023-12-28,,,194.335,194.31,194.324,485809.0,194.325,194.315,2500.0,19.0,12:07,12:07 PM,,
,,,,,,,,2023-12-28,,,194.33,194.27,194.289,116573.5,194.325,194.27,600.0,6.0,12:08,12:08 PM,,
,,,,,,,,2023-12-28,,,194.24,194.22,194.235,116541.0,194.23,194.22,600.0,6.0,12:09,12:09 PM,,
,,,,,,,,2023-12-28,,,,,,,,,,,12:10,12:10 PM,,
,,,,,,,,2023-12-28,,,194.245,194.245,194.245,38849.0,194.245,194.245,200.0,2.0,12:11,12:11 PM,,
,,,,,,,,2023-12-28,,,194.25,194.225,194.238,38847.5,194.25,194.225,200.0,2.0,12:12,12:12 PM,,
,,,,,,,,2023-12-28,,,,,,,,,,,12:13,12:13 PM,,
,,,,,,,,2023-12-28,,,194.2,194.195,194.198,38839.5,194.2,194.195,200.0,2.0,12:14,12:14 PM,,
,,,,,,,,2023-12-28,,,194.19,194.14,194.16,368903.5,194.185,194.15,1900.0,18.0,12:15,12:15 PM,,
,,,,,,,,2023-12-28,,,194.2,194.13,194.158,155326.0,194.14,194.17,800.0,8.0,12:16,12:16 PM,,
,,,,,,,,2023-12-28,,,194.22,194.18,194.197,116518.0,194.18,194.19,600.0,6.0,12:17,12:17 PM,,
,,,,,,,,2023-12-28,,,194.2,194.19,194.193,135935.0,194.2,194.195,700.0,7.0,12:18,12:18 PM,,
,,,,,,,,2023-12-28,,,194.17,194.15,194.158,97079.0,194.15,194.17,500.0,5.0,12:19,12:19 PM,,
,,,,,,,,2023-12-28,,,194.185,194.17,194.179,135925.5,194.18,194.185,700.0,7.0,12:20,12:20 PM,,
,,,,,,,,2023-12-28,,,194.18,194.14,194.157,174741.0,194.18,194.16,900.0,9.0,12:21,12:21 PM,,
,,,,,,,,2023-12-28,,,194.16,194.13,194.138,271793.5,194.13,194.13,1400.0,14.0,12:22,12:22 PM,,
,,,,,,,,2023-12-28,,,194.115,194.075,194.098,310557.5,194.11,194.09,1600.0,15.0,12:23,12:23 PM,,
,,,,,,,,2023-12-28,,,194.13,194.1,194.119,252355.0,194.1,194.11,1300.0,11.0,12:24,12:24 PM,,
,,,,,,,,2023-12-28,,,194.17,194.12,194.151,116490.5,194.12,194.17,600.0,3.0,12:25,12:25 PM,,
,,,,,,,,2023-12-28,,,194.23,194.175,194.193,194192.5,194.18,194.21,1000.0,10.0,12:26,12:26 PM,,
,,,,,,,,2023-12-28,,,194.205,194.17,194.196,77678.5,194.205,194.17,400.0,3.0,12:27,12:27 PM,,
,,,,,,,,2023-12-28,,,194.17,194.12,194.158,252405.5,194.15,194.17,1300.0,13.0,12:28,12:28 PM,,
,,,,,,,,2023-12-28,,,,,,,,,,,12:29,12:29 PM,,
,,,,,,,,2023-12-28,,,194.19,194.165,194.178,388356.5,194.165,194.185,2000.0,18.0,12:30,12:30 PM,,
,,,,,,,,2023-12-28,,,194.18,194.155,194.168,155334.5,194.18,194.16,800.0,8.0,12:31,12:31 PM,,
,,,,,,,,2023-12-28,,,194.18,194.16,194.17,330089.0,194.165,194.175,1700.0,17.0,12:32,12:32 PM,,
,,,,,,,,2023-12-28,,,194.165,194.13,194.154,77661.5,194.165,194.13,400.0,4.0,12:33,12:33 PM,,
,,,,,,,,2023-12-28,,,194.16,194.11,194.126,155301.0,194.125,194.11,800.0,7.0,12:34,12:34 PM,,
,,,,,,,,2023-12-28,,,194.06,194.03,194.049,252264.0,194.05,194.05,1300.0,9.0,12:35,12:35 PM,,
,,,,,,,,2023-12-28,,,194.1,194.07,194.084,77633.5,194.1,194.07,400.0,4.0,12:36,12:36 PM,,
,,,,,,,,2023-12-28,,,,,,,,,,,12:37,12:37 PM,,
,,,,,,,,2023-12-28,,,194.07,194.03,194.045,271663.5,194.03,194.05,1400.0,11.0,12:38,12:38 PM,,
,,,,,,,,2023-12-28,,,,,,,,,,,12:39,12:39 PM,,
,,,,,,,,2023-12-28,,,194.02,193.96,193.998,310396.5,193.985,193.96,1600.0,16.0,12:40,12:40 PM,,
,,,,,,,,2023-12-28,,,,,,,,,,,12:41,12:41 PM,,
,,,,,,,,2023-12-28,,,193.99,193.965,193.98,252174.0,193.965,193.99,1300.0,13.0,12:42,12:42 PM,,
,,,,,,,,2023-12-28,,,,,,,,,,,12:43,12:43 PM,,
,,,,,,,,2023-12-28,,,193.96,193.935,193.953,562463.5,193.94,193.95,2900.0,15.0,12:44,12:44 PM,,
,,,,,,,,2023-12-28,,,193.95,193.94,193.947,213341.5,193.945,193.95,1100.0,11.0,12:45,12:45 PM,,
,,,,,,,,2023-12-28,,,,,,,,,,,12:46,12:46 PM,,
,,,,,,,,2023-12-28,,,193.96,193.94,193.952,116371.0,193.955,193.945,600.0,6.0,12:47,12:47 PM,,
,,,,,,,,2023-12-28,,,193.95,193.93,193.944,155155.5,193.945,193.945,800.0,8.0,12:48,12:48 PM,,
,,,,,,,,2023-12-28,,,193.925,193.91,193.913,155130.5,193.925,193.91,800.0,8.0,12:49,12:49 PM,,
,,,,,,,,2023-12-28,,,193.93,193.9,193.914,484786.0,193.9,193.93,2500.0,23.0,12:50,12:50 PM,,
,,,,,,,,2023-12-28,,,194.03,193.94,193.981,290971.0,193.94,194.03,1500.0,14.0,12:51,12:51 PM,,
,,,,,,,,2023-12-28,,,194.01,194.005,194.006,232807.5,194.005,194.005,1200.0,8.0,12:52,12:52 PM,,
,,,,,,,,2023-12-28,,,194.02,193.93,193.966,232759.5,194.02,193.93,1200.0,11.0,12:53,12:53 PM,,
,,,,,,,,2023-12-28,,,,,,,,,,,12:54,12:54 PM,,
,,,,,,,,2023-12-28,,,194.04,193.955,194.026,465662.0,193.955,194.04,2400.0,9.0,12:55,12:55 PM,,
,,,,,,,,2023-12-28,,,194.005,193.96,193.993,116395.5,194.005,193.98,600.0,4.0,12:56,12:56 PM,,
,,,,,,,,2023-12-28,,,194.01,193.985,193.998,174598.0,193.985,193.99,900.0,7.0,12:57,12:57 PM,,
,,,,,,,,2023-12-28,,,193.99,193.97,193.973,193973.0,193.99,193.97,1000.0,9.0,12:58,12:58 PM,,
,,,,,,,,2023-12-28,,,193.98,193.94,193.962,252151.0,193.96,193.98,1300.0,12.0,12:59,12:59 PM,,
,,,,,,,,2023-12-28,,,,,,,,,,,13:00,01:00 PM,,
,,,,,,,,2023-12-28,,,193.975,193.795,193.866,659146.0,193.97,193.83,3400.0,30.0,13:01,01:01 PM,,
,,,,,,,,2023-12-28,,,193.84,193.68,193.783,600726.0,193.835,193.68,3100.0,27.0,13:02,01:02 PM,,
,,,,,,,,2023-12-28,,,193.77,193.64,193.727,174354.0,193.74,193.64,900.0,9.0,13:03,01:03 PM,,
,,,,,,,,2023-12-28,,,193.76,193.69,193.728,154982.0,193.69,193.76,800.0,8.0,13:04,01:04 PM,,
,,,,,,,,2023-12-28,,,,,,,,,,,13:05,01:05 PM,,
,,,,,,,,2023-12-28,,,193.67,193.605,193.628,367893.0,193.655,193.67,1900.0,13.0,13:06,01:06 PM,,
,,,,,,,,2023-12-28,,,193.75,193.705,193.722,271211.0,193.705,193.75,1400.0,14.0,13:07,01:07 PM,,
,,,,,,,,2023-12-28,,,,,,,,,,,13:08,01:08 PM,,
,,,,,,,,2023-12-28,,,193.87,193.79,193.839,174455.0,193.79,193.87,900.0,9.0,13:09,01:09 PM,,
,,,,,,,,2023-12-28,,,193.93,193.87,193.911,310258.0,193.87,193.9,1600.0,14.0,13:10,01:10 PM,,
,,,,,,,,2023-12-28,,,193.885,193.86,193.875,58162.5,193.885,193.86,300.0,3.0,13:11,01:11 PM,,
,,,,,,,,2023-12-28,,,193.885,193.82,193.852,348933.5,193.885,193.85,1800.0,17.0,13:12,01:12 PM,,
,,,,,,,,2023-12-28,,,193.89,193.87,193.88,38776.0,193.87,193.89,200.0,2.0,13:13,01:13 PM,,
,,,,,,,,2023-12-28,,,193.84,193.74,193.755,232506.0,193.84,193.74,1200.0,10.0,13:14,01:14 PM,,
,,,,,,,,2023-12-28,,,,,,,,,,,13:15,01:15 PM,,
,,,,,,,,2023-12-28,,,193.8,193.77,193.78,193779.5,193.78,193.78,1000.0,10.0,13:16,01:16 PM,,
,,,,,,,,2023-12-28,,,,,,,,,,,13:17,01:17 PM,,
,,,,,,,,2023-12-28,,,193.77,193.71,193.738,426224.0,193.72,193.77,2200.0,19.0,13:18,01:18 PM,,
,,,,,,,,2023-12-28,,,,,,,,,,,13:19,01:19 PM,,
,,,,,,,,2023-12-28,,,193.71,193.64,193.669,329236.5,193.69,193.64,1700.0,17.0,13:20,01:20 PM,,
,,,,,,,,2023-12-28,,,193.67,193.625,193.643,251736.0,193.625,193.65,1300.0,12.0,13:21,01:21 PM,,
,,,,,,,,2023-12-28,,,193.73,193.62,193.691,387382.0,193.62,193.73,2000.0,20.0,13:22,01:22 PM,,
,,,,,,,,2023-12-28,,,193.72,193.65,193.686,271161.0,193.72,193.67,1400.0,13.0,13:23,01:23 PM,,
,,,,,,,,2023-12-28,,,193.75,193.69,193.728,96864.0,193.69,193.75,500.0,5.0,13:24,01:24 PM,,
,,,,,,,,2023-12-28,,,193.75,193.71,193.724,135606.5,193.71,193.75,700.0,7.0,13:25,01:25 PM,,
,,,,,,,,2023-12-28,,,193.755,193.71,193.742,251865.0,193.75,193.71,1300.0,13.0,13:26,01:26 PM,,
,,,,,,,,2023-12-28,,,193.71,193.66,193.686,232423.0,193.71,193.68,1200.0,10.0,13:27,01:27 PM,,
,,,,,,,,2023-12-28,,,193.72,193.7,193.713,58114.0,193.7,193.72,300.0,3.0,13:28,01:28 PM,,
,,,,,,,,2023-12-28,,,193.69,193.67,193.679,96839.5,193.69,193.68,500.0,5.0,13:29,01:29 PM,,
,,,,,,,,2023-12-28,,,193.71,193.68,193.693,387386.0,193.7,193.68,2000.0,20.0,13:30,01:30 PM,,
,,,,,,,,2023-12-28,,,193.7,193.69,193.695,348651.0,193.69,193.69,1800.0,17.0,13:31,01:31 PM,,
,,,,,,,,2023-12-28,,,193.79,193.7,193.75,251875.0,193.7,193.79,1300.0,13.0,13:32,01:32 PM,,
,,,,,,,,2023-12-28,,,193.8,193.775,193.788,155030.5,193.775,193.79,800.0,8.0,13:33,01:33 PM,,
,,,,,,,,2023-12-28,,,193.795,193.78,193.788,116272.5,193.79,193.79,600.0,6.0,13:34,01:34 PM,,
,,,,,,,,2023-12-28,,,,,,,,,,,13:35,01:35 PM,,
,,,,,,,,2023-12-28,,,193.82,193.77,193.796,271314.0,193.77,193.82,1400.0,14.0,13:36,01:36 PM,,
,,,,,,,,2023-12-28,,,193.87,193.82,193.853,232623.0,193.82,193.85,1200.0,12.0,13:37,01:37 PM,,
,,,,,,,,2023-12-28,,,193.93,193.845,193.903,252073.5,193.845,193.93,1300.0,13.0,13:38,01:38 PM,,
,,,,,,,,2023-12-28,,,193.92,193.88,193.893,310228.5,193.88,193.88,1600.0,16.0,13:39,01:39 PM,,
,,,,,,,,2023-12-28,,,193.86,193.78,193.82,271348.0,193.85,193.84,1400.0,14.0,13:40,01:40 PM,,
,,,,,,,,2023-12-28,,,193.795,193.79,193.793,58138.0,193.79,193.795,300.0,3.0,13:41,01:41 PM,,
,,,,,,,,2023-12-28,,,193.9,193.815,193.854,329552.5,193.815,193.9,1700.0,17.0,13:42,01:42 PM,,
,,,,,,,,2023-12-28,,,193.9,193.88,193.892,96946.0,193.89,193.88,500.0,5.0,13:43,01:43 PM,,
,,,,,,,,2023-12-28,,,193.88,193.875,193.878,77551.0,193.875,193.88,400.0,4.0,13:44,01:44 PM,,
,,,,,,,,2023-12-28,,,,,,,,,,,13:45,01:45 PM,,
,,,,,,,,2023-12-28,,,193.88,193.83,193.857,310171.0,193.85,193.87,1600.0,16.0,13:46,01:46 PM,,
,,,,,,,,2023-12-28,,,193.84,193.81,193.836,445822.0,193.84,193.84,2300.0,23.0,13:47,01:47 PM,,
,,,,,,,,2023-12-28,,,193.87,193.84,193.857,368327.5,193.84,193.85,1900.0,15.0,13:48,01:48 PM,,
,,,,,,,,2023-12-28,,,193.87,193.84,193.854,271396.0,193.84,193.87,1400.0,14.0,13:49,01:49 PM,,
,,,,,,,,2023-12-28,,,193.93,193.88,193.907,387814.0,193.92,193.9,2000.0,18.0,13:50,01:50 PM,,
,,,,,,,,2023-12-28,,,193.92,193.89,193.912,213303.5,193.91,193.92,1100.0,11.0,13:51,01:51 PM,,
,,,,,,,,2023-12-28,,,193.94,193.91,193.926,349067.5,193.91,193.94,1800.0,18.0,13:52,01:52 PM,,
,,,,,,,,2023-12-28,,,193.98,193.91,193.95,426689.0,193.94,193.94,2200.0,20.0,13:53,01:53 PM,,
,,,,,,,,2023-12-28,,,193.97,193.925,193.951,96975.5,193.96,193.925,500.0,5.0,13:54,01:54 PM,,
,,,,,,,,2023-12-28,,,193.91,193.89,193.899,135729.0,193.91,193.89,700.0,5.0,13:55,01:55 PM,,
,,,,,,,,2023-12-28,,,193.87,193.83,193.847,116308.0,193.87,193.85,600.0,6.0,13:56,01:56 PM,,
,,,,,,,,2023-12-28,,,193.88,193.85,193.865,116319.0,193.85,193.88,600.0,6.0,13:57,01:57 PM,,
,,,,,,,,2023-12-28,,,193.9,193.87,193.884,193884.0,193.87,193.89,1000.0,10.0,13:58,01:58 PM,,
,,,,,,,,2023-12-28,,,,,,,,,,,13:59,01:59 PM,,
,,,,,,,,2023-12-28,,,193.93,193.875,193.911,193910.5,193.875,193.93,1000.0,10.0,14:00,02:00 PM,,
,,,,,,,,2023-12-28,,,193.94,193.89,193.92,523585.0,193.905,193.94,2700.0,25.0,14:01,02:01 PM,,
,,,,,,,,2023-12-28,,,193.94,193.915,193.932,58179.5,193.94,193.915,300.0,3.0,14:02,02:02 PM,,
,,,,,,,,2023-12-28,,,193.96,193.95,193.953,58186.0,193.95,193.96,300.0,3.0,14:03,02:03 PM,,
,,,,,,,,2023-12-28,,,193.955,193.95,193.952,116371.0,193.955,193.95,600.0,6.0,14:04,02:04 PM,,
,,,,,,,,2023-12-28,,,193.98,193.95,193.969,135778.0,193.98,193.95,700.0,7.0,14:05,02:05 PM,,
,,,,,,,,2023-12-28,,,193.98,193.93,193.957,271539.5,193.93,193.975,1400.0,12.0,14:06,02:06 PM,,
,,,,,,,,2023-12-28,,,193.97,193.97,193.97,38794.0,193.97,193.97,200.0,1.0,14:07,02:07 PM,,
,,,,,,,,2023-12-28,,,194.0,193.985,193.994,310390.0,193.99,193.99,1600.0,16.0,14:08,02:08 PM,,
,,,,,,,,2023-12-28,,,194.0,193.96,193.977,135784.0,193.97,194.0,700.0,7.0,14:09,02:09 PM,,
,,,,,,,,2023-12-28,,,193.985,193.97,193.98,116388.0,193.98,193.97,600.0,6.0,14:10,02:10 PM,,
,,,,,,,,2023-12-28,,,,,,,,,,,14:11,02:11 PM,,
,,,,,,,,2023-12-28,,,194.07,194.025,194.052,368699.0,194.05,194.06,1900.0,17.0,14:12,02:12 PM,,
,,,,,,,,2023-12-28,,,194.07,194.01,194.04,504504.0,194.07,194.05,2600.0,22.0,14:13,02:13 PM,,
,,,,,,,,2023-12-28,,,194.06,193.975,194.022,601468.5,194.06,193.975,3100.0,15.0,14:14,02:14 PM,,
,,,,,,,,2023-12-28,,,194.02,193.98,194.006,194005.5,193.98,194.02,1000.0,10.0,14:15,02:15 PM,,
,,,,,,,,2023-12-28,,,194.04,194.01,194.023,116414.0,194.01,194.04,600.0,5.0,14:16,02:16 PM,,
,,,,,,,,2023-12-28,,,194.03,194.025,194.028,38805.5,194.025,194.03,200.0,2.0,14:17,02:17 PM,,
,,,,,,,,2023-12-28,,,194.07,194.06,194.066,252286.0,194.07,194.06,1300.0,13.0,14:18,02:18 PM,,
,,,,,,,,2023-12-28,,,,,,,,,,,14:19,02:19 PM,,
,,,,,,,,2023-12-28,,,194.045,193.98,194.004,174603.5,194.01,194.0,900.0,9.0,14:20,02:20 PM,,
,,,,,,,,2023-12-28,,,194.03,193.98,194.019,194019.0,193.98,194.03,1000.0,10.0,14:21,02:21 PM,,
,,,,,,,,2023-12-28,,,194.05,194.02,194.037,116422.0,194.02,194.05,600.0,6.0,14:22,02:22 PM,,
,,,,,,,,2023-12-28,,,194.035,193.99,194.001,174600.5,194.035,194.0,900.0,9.0,14:23,02:23 PM,,
,,,,,,,,2023-12-28,,,,,,,,,,,14:24,02:24 PM,,
,,,,,,,,2023-12-28,,,194.05,194.03,194.04,174636.0,194.03,194.04,900.0,9.0,14:25,02:25 PM,,
,,,,,,,,2023-12-28,,,,,,,,,,,14:26,02:26 PM,,
,,,,,,,,2023-12-28,,,194.055,194.02,194.036,135825.5,194.035,194.025,700.0,7.0,14:27,02:27 PM,,
,,,,,,,,2023-12-28,,,194.05,194.01,194.025,252233.0,194.05,194.01,1300.0,13.0,14:28,02:28 PM,,
,,,,,,,,2023-12-28,,,,,,,,,,,14:29,02:29 PM,,
,,,,,,,,2023-12-28,,,194.03,194.015,194.024,174621.5,194.015,194.03,900.0,9.0,14:30,02:30 PM,,
,,,,,,,,2023-12-28,,,194.03,194.02,194.028,194027.5,194.02,194.03,1000.0,10.0,14:31,02:31 PM,,
,,,,,,,,2023-12-28,,,194.03,194.03,194.03,77612.0,194.03,194.03,400.0,3.0,14:32,02:32 PM,,
,,,,,,,,2023-12-28,,,,,,,,,,,14:33,02:33 PM,,
,,,,,,,,2023-12-28,,,194.04,193.98,193.994,193994.0,194.04,193.98,1000.0,9.0,14:34,02:34 PM,,
,,,,,,,,2023-12-28,,,194.02,193.97,193.998,252197.0,193.98,194.02,1300.0,13.0,14:35,02:35 PM,,
,,,,,,,,2023-12-28,,,194.06,194.035,194.05,213454.5,194.06,194.05,1100.0,11.0,14:36,02:36 PM,,
,,,,,,,,2023-12-28,,,194.08,194.04,194.07,291105.0,194.04,194.07,1500.0,14.0,14:37,02:37 PM,,
,,,,,,,,2023-12-28,,,194.06,194.045,194.053,116431.5,194.055,194.045,600.0,6.0,14:38,02:38 PM,,
,,,,,,,,2023-12-28,,,194.02,194.02,194.02,77608.0,194.02,194.02,400.0,2.0,14:39,02:39 PM,,
,,,,,,,,2023-12-28,,,,,,,,,,,14:40,02:40 PM,,
,,,,,,,,2023-12-28,,,194.04,194.01,194.03,291045.5,194.04,194.01,1500.0,14.0,14:41,02:41 PM,,
,,,,,,,,2023-12-28,,,194.04,194.0,194.016,232819.0,194.0,194.01,1200.0,11.0,14:42,02:42 PM,,
,,,,,,,,2023-12-28,,,194.03,194.015,194.021,213423.5,194.025,194.025,1100.0,11.0,14:43,02:43 PM,,
,,,,,,,,2023-12-28,,,194.05,194.005,194.033,116419.5,194.05,194.005,600.0,6.0,14:44,02:44 PM,,
,,,,,,,,2023-12-28,,,194.02,193.93,193.965,193965.0,194.02,193.94,1000.0,10.0,14:45,02:45 PM,,
,,,,,,,,2023-12-28,,,,,,,,,,,14:46,02:46 PM,,
,,,,,,,,2023-12-28,,,193.96,193.93,193.95,252134.5,193.96,193.96,1300.0,13.0,14:47,02:47 PM,,
,,,,,,,,2023-12-28,,,194.0,193.945,193.96,504296.5,193.945,194.0,2600.0,25.0,14:48,02:48 PM,,
,,,,,,,,2023-12-28,,,193.99,193.96,193.982,446159.0,193.98,193.98,2300.0,20.0,14:49,02:49 PM,,
,,,,,,,,2023-12-28,,,,,,,,,,,14:50,02:50 PM,,
,,,,,,,,2023-12-28,,,193.945,193.9,193.925,232710.5,193.915,193.945,1200.0,12.0,14:51,02:51 PM,,
,,,,,,,,2023-12-28,,,193.97,193.95,193.961,116376.5,193.97,193.95,600.0,6.0,14:52,02:52 PM,,
,,,,,,,,2023-12-28,,,,,,,,,,,14:53,02:53 PM,,
,,,,,,,,2023-12-28,,,193.96,193.925,193.948,135763.5,193.925,193.94,700.0,7.0,14:54,02:54 PM,,
,,,,,,,,2023-12-28,,,193.97,193.93,193.953,155162.5,193.93,193.945,800.0,8.0,14:55,02:55 PM,,
,,,,,,,,2023-12-28,,,193.96,193.94,193.952,446089.5,193.95,193.94,2300.0,20.0,14:56,02:56 PM,,
,,,,,,,,2023-12-28,,,193.99,193.955,193.971,155176.5,193.96,193.98,800.0,8.0,14:57,02:57 PM,,
,,,,,,,,2023-12-28,,,193.975,193.975,193.975,135782.5,193.975,193.975,700.0,7.0,14:58,02:58 PM,,
,,,,,,,,2023-12-28,,,193.99,193.97,193.977,155181.5,193.975,193.97,800.0,8.0,14:59,02:59 PM,,
,,,,,,,,2023-12-28,,,193.965,193.94,193.952,116371.0,193.965,193.96,600.0,6.0,15:00,03:00 PM,,
,,,,,,,,2023-12-28,,,,,,,,,,,15:01,03:01 PM,,
,,,,,,,,2023-12-28,,,193.94,193.91,193.918,232702.0,193.94,193.91,1200.0,12.0,15:02,03:02 PM,,
,,,,,,,,2023-12-28,,,,,,,,,,,15:03,03:03 PM,,
,,,,,,,,2023-12-28,,,193.88,193.83,193.863,368339.0,193.87,193.83,1900.0,14.0,15:04,03:04 PM,,
,,,,,,,,2023-12-28,,,193.885,193.8,193.855,155084.0,193.8,193.885,800.0,8.0,15:05,03:05 PM,,
,,,,,,,,2023-12-28,,,193.91,193.9,193.903,96951.5,193.9,193.9,500.0,5.0,15:06,03:06 PM,,
,,,,,,,,2023-12-28,,,,,,,,,,,15:07,03:07 PM,,
,,,,,,,,2023-12-28,,,193.96,193.91,193.928,795103.0,193.95,193.93,4100.0,28.0,15:08,03:08 PM,,
,,,,,,,,2023-12-28,,,,,,,,,,,15:09,03:09 PM,,
,,,,,,,,2023-12-28,,,193.95,193.93,193.935,290902.5,193.93,193.945,1500.0,10.0,15:10,03:10 PM,,
,,,,,,,,2023-12-28,,,193.94,193.905,193.923,213315.5,193.915,193.92,1100.0,11.0,15:11,03:11 PM,,
,,,,,,,,2023-12-28,,,,,,,,,,,15:12,03:12 PM,,
,,,,,,,,2023-12-28,,,193.88,193.81,193.833,600881.0,193.88,193.85,3100.0,31.0,15:13,03:13 PM,,
,,,,,,,,2023-12-28,,,193.835,193.815,193.822,407026.0,193.825,193.835,2100.0,20.0,15:14,03:14 PM,,
,,,,,,,,2023-12-28,,,,,,,,,,,15:15,03:15 PM,,
,,,,,,,,2023-12-28,,,193.75,193.65,193.695,561716.0,193.75,193.69,2900.0,29.0,15:16,03:16 PM,,
,,,,,,,,2023-12-28,,,193.69,193.65,193.678,193677.5,193.66,193.675,1000.0,10.0,15:17,03:17 PM,,
,,,,,,,,2023-12-28,,,193.77,193.675,193.715,600517.0,193.68,193.77,3100.0,24.0,15:18,03:18 PM,,
,,,,,,,,2023-12-28,,,,,,,,,,,15:19,03:19 PM,,
,,,,,,,,2023-12-28,,,193.81,193.77,193.784,96892.0,193.77,193.81,500.0,5.0,15:20,03:20 PM,,
,,,,,,,,2023-12-28,,,193.83,193.75,193.798,445734.5,193.81,193.81,2300.0,23.0,15:21,03:21 PM,,
,,,,,,,,2023-12-28,,,193.81,193.72,193.751,542503.0,193.805,193.75,2800.0,26.0,15:22,03:22 PM,,
,,,,,,,,2023-12-28,,,193.74,193.7,193.717,116230.0,193.74,193.7,600.0,6.0,15:23,03:23 PM,,
,,,,,,,,2023-12-28,,,193.7,193.64,193.678,367989.0,193.69,193.64,1900.0,17.0,15:24,03:24 PM,,
,,,,,,,,2023-12-28,,,,,,,,,,,15:25,03:25 PM,,
,,,,,,,,2023-12-28,,,193.69,193.65,193.668,309869.5,193.65,193.65,1600.0,16.0,15:26,03:26 PM,,
,,,,,,,,2023-12-28,,,193.65,193.615,193.642,154913.5,193.65,193.615,800.0,8.0,15:27,03:27 PM,,
,,,,,,,,2023-12-28,,,,,,,,,,,15:28,03:28 PM,,
,,,,,,,,2023-12-28,,,193.685,193.63,193.665,251765.0,193.63,193.67,1300.0,10.0,15:29,03:29 PM,,
,,,,,,,,2023-12-28,,,193.72,193.67,193.708,348674.0,193.68,193.7,1800.0,18.0,15:30,03:30 PM,,
,,,,,,,,2023-12-28,,,193.72,193.705,193.71,213081.5,193.71,193.705,1100.0,11.0,15:31,03:31 PM,,
,,,,,,,,2023-12-28,,,193.72,193.675,193.706,232447.5,193.69,193.675,1200.0,11.0,15:32,03:32 PM,,
,,,,,,,,2023-12-28,,,193.675,193.63,193.652,271113.0,193.675,193.67,1400.0,13.0,15:33,03:33 PM,,
,,,,,,,,2023-12-28,,,193.645,193.6,193.621,135534.5,193.645,193.6,700.0,7.0,15:34,03:34 PM,,
,,,,,,,,2023-12-28,,,193.67,193.62,193.656,96828.0,193.62,193.66,500.0,5.0,15:35,03:35 PM,,
,,,,,,,,2023-12-28,,,193.67,193.64,193.653,251749.0,193.66,193.65,1300.0,10.0,15:36,03:36 PM,,
,,,,,,,,2023-12-28,,,193.68,193.645,193.664,174298.0,193.645,193.655,900.0,9.0,15:37,03:37 PM,,
,,,,,,,,2023-12-28,,,,,,,,,,,15:38,03:38 PM,,
,,,,,,,,2023-12-28,,,193.66,193.625,193.645,174280.5,193.66,193.625,900.0,9.0,15:39,03:39 PM,,
,,,,,,,,2023-12-28,,,193.65,193.635,193.641,290461.5,193.64,193.645,1500.0,13.0,15:40,03:40 PM,,
,,,,,,,,2023-12-28,,,193.66,193.635,193.644,116186.5,193.655,193.66,600.0,6.0,15:41,03:41 PM,,
,,,,,,,,2023-12-28,,,193.65,193.625,193.638,38727.5,193.625,193.65,200.0,2.0,15:42,03:42 PM,,
,,,,,,,,2023-12-28,,,193.685,193.64,193.663,193663.0,193.64,193.685,1000.0,10.0,15:43,03:43 PM,,
,,,,,,,,2023-12-28,,,,,,,,,,,15:44,03:44 PM,,
,,,,,,,,2023-12-28,,,193.75,193.68,193.723,484308.5,193.68,193.74,2500.0,25.0,15:45,03:45 PM,,
,,,,,,,,2023-12-28,,,193.805,193.745,193.782,561966.5,193.75,193.795,2900.0,24.0,15:46,03:46 PM,,
,,,,,,,,2023-12-28,,,,,,,,,,,15:47,03:47 PM,,
,,,,,,,,2023-12-28,,,193.785,193.72,193.76,406896.0,193.77,193.72,2100.0,16.0,15:48,03:48 PM,,
,,,,,,,,2023-12-28,,,193.78,193.665,193.73,387460.5,193.665,193.77,2000.0,20.0,15:49,03:49 PM,,
,,,,,,,,2023-12-28,,,,,,,,,,,15:50,03:50 PM,,
,,,,,,,,2023-12-28,,,193.68,193.56,193.622,1219821.0,193.65,193.56,6300.0,58.0,15:51,03:51 PM,,
,,,,,,,,2023-12-28,,,193.6,193.52,193.556,1490377.5,193.56,193.56,7700.0,67.0,15:52,03:52 PM,,
,,,,,,,,2023-12-28,,,193.57,193.49,193.535,1490221.5,193.54,193.51,7700.0,60.0,15:53,03:53 PM,,
,,,,,,,,2023-12-28,,,193.57,193.47,193.527,1954620.5,193.51,193.54,10100.0,79.0,15:54,03:54 PM,,
,,,,,,,,2023-12-28,,,193.37,193.23,193.308,2300363.5,193.25,193.37,11900.0,96.0,15:55,03:55 PM,,
,,,,,,,,2023-12-28,,,,,,,,,,,15:56,03:56 PM,,
,,,,,,,,2023-12-28,,,193.44,193.35,193.401,1508531.0,193.36,193.42,7800.0,64.0,15:57,03:57 PM,,
,,,,,,,,2023-12-28,,,193.47,193.385,193.425,1508715.0,193.42,193.47,7800.0,66.0,15:58,03:58 PM,,
,,,,,,,,2023-12-28,,,193.71,193.46,193.595,4607549.5,193.62,193.68,23800.0,181.0,15:59,03:59 PM,,
,,,,,,,,2023-12-28,,,,,,,,,,,16:00,04:00 PM,,
