Timestamp,Price
2023-02-28 10:00:00,47.3233
2023-02-28 11:00:00,47.4233
2023-02-28 12:00:00,47.4167
2023-02-28 13:00:00,47.51
2023-02-28 14:00:00,47.3533
2023-02-28 15:00:00,47.3633
2023-02-28 16:00:00,47.3767
2023-03-01 10:00:00,46.68
2023-03-01 11:00:00,46.7633
2023-03-01 12:00:00,46.6961
2023-03-01 13:00:00,46.7167
2023-03-01 14:00:00,46.6867
2023-03-01 15:00:00,46.7167
2023-03-01 16:00:00,46.7267
2023-03-02 10:00:00,46.82
2023-03-02 11:00:00,46.7967
2023-03-02 12:00:00,46.7233
2023-03-02 13:00:00,46.8067
2023-03-02 14:00:00,46.8333
2023-03-02 15:00:00,46.84
2023-03-02 16:00:00,46.7733
2023-03-03 10:00:00,46.79
2023-03-03 11:00:00,46.78
2023-03-03 12:00:00,46.8033
2023-03-03 13:00:00,46.8167
2023-03-03 14:00:00,46.81
2023-03-03 15:00:00,46.9
2023-03-03 16:00:00,46.9333
2023-03-06 10:00:00,46.8567
2023-03-06 11:00:00,46.8967
2023-03-06 12:00:00,46.87
2023-03-06 13:00:00,46.9
2023-03-06 14:00:00,46.85
2023-03-06 15:00:00,46.87
2023-03-06 16:00:00,46.8967
2023-03-07 10:00:00,46.54
2023-03-07 11:00:00,46.5333
2023-03-07 12:00:00,46.4917
2023-03-07 13:00:00,46.3556
2023-03-07 14:00:00,46.3367
2023-03-07 15:00:00,46.4167
2023-03-07 16:00:00,46.4467
2023-03-08 10:00:00,46.1067
2023-03-08 11:00:00,46.0533
2023-03-08 12:00:00,45.9133
2023-03-08 13:00:00,45.8367
2023-03-08 14:00:00,46.0033
2023-03-08 15:00:00,46.04
2023-03-08 16:00:00,46.0367
2023-03-09 10:00:00,45.9633
2023-03-09 11:00:00,46.0834
2023-03-09 12:00:00,46.1733
2023-03-09 13:00:00,46.04
2023-03-09 14:00:00,45.8921
2023-03-09 15:00:00,45.72
2023-03-09 16:00:00,45.7233
2023-03-10 10:00:00,45.7833
2023-03-10 11:00:00,45.7567
2023-03-10 12:00:00,45.5767
2023-03-10 13:00:00,45.3867
2023-03-10 14:00:00,45.7
2023-03-10 15:00:00,45.66
2023-03-10 16:00:00,45.72
2023-03-13 10:00:00,46.0234
2023-03-13 11:00:00,46.0467
2023-03-13 12:00:00,45.96
2023-03-13 13:00:00,45.9967
2023-03-13 14:00:00,45.9867
2023-03-13 15:00:00,45.7867
2023-03-13 16:00:00,45.83
2023-03-14 10:00:00,46.02
2023-03-14 11:00:00,45.8933
2023-03-14 12:00:00,45.7767
2023-03-14 13:00:00,45.84
2023-03-14 14:00:00,45.9533
2023-03-14 15:00:00,46.03
2023-03-14 16:00:00,46.0333
2023-03-15 10:00:00,45.9533
2023-03-15 11:00:00,45.95
2023-03-15 12:00:00,45.97
2023-03-15 13:00:00,46.2867
2023-03-15 14:00:00,46.5267
2023-03-15 15:00:00,46.56
2023-03-15 16:00:00,46.54
2023-03-16 10:00:00,46.3267
2023-03-16 11:00:00,46.11
2023-03-16 12:00:00,46.42
2023-03-16 13:00:00,46.33
2023-03-16 14:00:00,46.2367
2023-03-16 15:00:00,46.0967
2023-03-16 16:00:00,46.1167
2023-03-17 10:00:00,45.93
2023-03-17 11:00:00,46.0533
2023-03-17 12:00:00,46.1167
2023-03-17 13:00:00,46.05
2023-03-17 14:00:00,46.0733
2023-03-17 15:00:00,46.465
2023-03-17 16:00:00,46.4667
2023-03-20 10:00:00,46.885
2023-03-20 11:00:00,46.6333
2023-03-20 12:00:00,46.8733
2023-03-20 13:00:00,46.8867
2023-03-20 14:00:00,46.88
2023-03-20 15:00:00,46.9633
2023-03-20 16:00:00,46.9033
2023-03-21 10:00:00,46.8267
2023-03-21 11:00:00,46.6833
2023-03-21 12:00:00,46.5433
2023-03-21 13:00:00,46.5733
2023-03-21 14:00:00,46.69
2023-03-21 15:00:00,46.8233
2023-03-21 16:00:00,46.7333
2023-03-22 10:00:00,46.8967
2023-03-22 11:00:00,46.8767
2023-03-22 12:00:00,46.83
2023-03-22 13:00:00,46.8867
2023-03-22 14:00:00,46.83
2023-03-22 15:00:00,46.49
2023-03-22 16:00:00,46.52
2023-03-23 10:00:00,46.8867
2023-03-23 11:00:00,47.0933
2023-03-23 12:00:00,47.1067
2023-03-23 13:00:00,46.9167
2023-03-23 14:00:00,46.6983
2023-03-23 15:00:00,46.86
2023-03-23 16:00:00,46.8833
2023-03-24 10:00:00,47.2633
2023-03-24 11:00:00,47.43
2023-03-24 12:00:00,47.4167
2023-03-24 13:00:00,47.3967
2023-03-24 14:00:00,47.3467
2023-03-24 15:00:00,47.27
2023-03-24 16:00:00,47.2667
2023-03-27 10:00:00,47.9833
2023-03-27 11:00:00,48.0833
2023-03-27 12:00:00,48.0792
2023-03-27 13:00:00,48.1567
2023-03-27 14:00:00,48.24
2023-03-27 15:00:00,48.0533
2023-03-27 16:00:00,48.05
2023-03-28 10:00:00,47.9397
2023-03-28 11:00:00,48.12
2023-03-28 12:00:00,48.0367
2023-03-28 13:00:00,47.94
2023-03-28 14:00:00,47.9817
2023-03-28 15:00:00,47.8833
2023-03-28 16:00:00,47.87
2023-03-29 10:00:00,47.9094
2023-03-29 11:00:00,47.89
2023-03-29 12:00:00,47.9733
2023-03-29 13:00:00,47.965
2023-03-29 14:00:00,48.0667
2023-03-29 15:00:00,48.0733
2023-03-29 16:00:00,47.9817
2023-03-30 10:00:00,48.38
2023-03-30 11:00:00,48.445
2023-03-30 12:00:00,48.3867
2023-03-30 13:00:00,48.4133
2023-03-30 14:00:00,48.41
2023-03-30 15:00:00,48.5633
2023-03-30 16:00:00,48.6667
2023-03-31 10:00:00,49.13
2023-03-31 11:00:00,49.13
2023-03-31 12:00:00,49.07
2023-03-31 13:00:00,49.045
2023-03-31 14:00:00,49.0033
2023-03-31 15:00:00,49.1333
2023-03-31 16:00:00,49
2023-04-03 10:00:00,49.5167
2023-04-03 11:00:00,49.5367
2023-04-03 12:00:00,49.49
2023-04-03 13:00:00,49.4783
2023-04-03 14:00:00,49.5933
2023-04-03 15:00:00,49.5567
2023-04-03 16:00:00,49.5167
2023-04-04 10:00:00,49.3067
2023-04-04 11:00:00,49.18
2023-04-04 12:00:00,49.1183
2023-04-04 13:00:00,49.03
2023-04-04 14:00:00,49.0583
2023-04-04 15:00:00,49.08
2023-04-04 16:00:00,48.73
2023-04-05 10:00:00,49.6933
2023-04-05 11:00:00,49.798
2023-04-05 12:00:00,49.69
2023-04-05 13:00:00,49.9283
2023-04-05 14:00:00,49.9117
2023-04-05 15:00:00,49.8933
2023-04-05 16:00:00,49.6667
2023-04-06 10:00:00,49.96
2023-04-06 11:00:00,50.09
2023-04-06 12:00:00,50.2867
2023-04-06 13:00:00,50.1038
2023-04-06 14:00:00,50.095
2023-04-06 15:00:00,50.2667
2023-04-06 16:00:00,50.2
2023-04-10 10:00:00,50.0852
2023-04-10 11:00:00,50.0733
2023-04-10 12:00:00,50.35
2023-04-10 13:00:00,50.335
2023-04-10 14:00:00,50.2283
2023-04-10 15:00:00,50.17
2023-04-10 16:00:00,50.17
2023-04-11 10:00:00,50.26
2023-04-11 11:00:00,50.0767
2023-04-11 12:00:00,50.1117
2023-04-11 13:00:00,50.1267
2023-04-11 14:00:00,50.1267
2023-04-11 15:00:00,50.0233
2023-04-11 16:00:00,50.0233
2023-04-12 10:00:00,50.095
2023-04-12 11:00:00,50.1133
2023-04-12 12:00:00,50.1767
2023-04-12 13:00:00,50.14
2023-04-12 14:00:00,49.8897
2023-04-12 15:00:00,49.7867
2023-04-12 16:00:00,49.78
2023-04-13 10:00:00,49.54
2023-04-13 11:00:00,49.47
2023-04-13 12:00:00,49.5767
2023-04-13 13:00:00,49.7033
2023-04-13 14:00:00,49.9203
2023-04-13 15:00:00,49.8333
2023-04-13 16:00:00,49.83
2023-04-14 10:00:00,49.56
2023-04-14 11:00:00,49.5467
2023-04-14 12:00:00,49.3933
2023-04-14 13:00:00,49.5367
2023-04-14 14:00:00,49.6117
2023-04-14 15:00:00,49.4933
2023-04-14 16:00:00,49.4933
2023-04-17 10:00:00,49.75
2023-04-17 11:00:00,49.6433
2023-04-17 12:00:00,49.6667
2023-04-17 13:00:00,49.6117
2023-04-17 14:00:00,49.695
2023-04-17 15:00:00,49.8367
2023-04-17 16:00:00,49.93
2023-04-18 10:00:00,49.9233
2023-04-18 11:00:00,49.9767
2023-04-18 12:00:00,50.0433
2023-04-18 13:00:00,50.0167
2023-04-18 14:00:00,50.0133
2023-04-18 15:00:00,49.9433
2023-04-18 16:00:00,49.95
2023-04-19 10:00:00,50.0733
2023-04-19 11:00:00,50.2067
2023-04-19 12:00:00,50.1
2023-04-19 13:00:00,50.1233
2023-04-19 14:00:00,50.0467
2023-04-19 15:00:00,50.0033
2023-04-19 16:00:00,49.9667
2023-04-20 10:00:00,50.07
2023-04-20 11:00:00,50.2833
2023-04-20 12:00:00,50.3967
2023-04-20 13:00:00,50.4233
2023-04-20 14:00:00,50.3067
2023-04-20 15:00:00,50.3267
2023-04-20 16:00:00,50.3233
2023-04-21 10:00:00,50.5267
2023-04-21 11:00:00,50.4501
2023-04-21 12:00:00,50.5307
2023-04-21 13:00:00,50.6211
2023-04-21 14:00:00,50.54
2023-04-21 15:00:00,50.5733
2023-04-21 16:00:00,50.58
2023-04-24 10:00:00,50.71
2023-04-24 11:00:00,50.7967
2023-04-24 12:00:00,50.7933
2023-04-24 13:00:00,50.83
2023-04-24 14:00:00,50.82
2023-04-24 15:00:00,50.9217
2023-04-24 16:00:00,50.92
2023-04-25 10:00:00,50.9667
2023-04-25 11:00:00,50.89
2023-04-25 12:00:00,50.6767
2023-04-25 13:00:00,50.582
2023-04-25 14:00:00,50.48
2023-04-25 15:00:00,50.5233
2023-04-25 16:00:00,50.5467
2023-04-26 10:00:00,50.2583
2023-04-26 11:00:00,50.2717
2023-04-26 12:00:00,50.2133
2023-04-26 13:00:00,50.1
2023-04-26 14:00:00,50.1967
2023-04-26 15:00:00,50.2967
2023-04-26 16:00:00,50.41
2023-04-27 10:00:00,50.5867
2023-04-27 11:00:00,50.5281
2023-04-27 12:00:00,50.38
2023-04-27 13:00:00,50.4167
2023-04-27 14:00:00,50.4933
2023-04-27 15:00:00,50.46
2023-04-27 16:00:00,50.4167
2023-04-28 10:00:00,50.3167
2023-04-28 11:00:00,50.41
2023-04-28 12:00:00,50.395
2023-04-28 13:00:00,50.2873
2023-04-28 14:00:00,50.135
2023-04-28 15:00:00,50.3167
2023-04-28 16:00:00,50.3233
2023-05-01 10:00:00,50.7367
2023-05-01 11:00:00,50.73
2023-05-01 12:00:00,50.6833
2023-05-01 13:00:00,50.6667
2023-05-01 14:00:00,50.5733
2023-05-01 15:00:00,50.5233
2023-05-01 16:00:00,50.5933
2023-05-02 10:00:00,50.1053
2023-05-02 11:00:00,49.9167
2023-05-02 12:00:00,50.05
2023-05-02 13:00:00,50.2033
2023-05-02 14:00:00,50.2067
2023-05-02 15:00:00,50.3933
2023-05-02 16:00:00,50.3933
2023-05-03 10:00:00,50.2753
2023-05-03 11:00:00,50.3533
2023-05-03 12:00:00,50.2767
2023-05-03 13:00:00,50.31
2023-05-03 14:00:00,50.2833
2023-05-03 15:00:00,50.1967
2023-05-03 16:00:00,50.2833
2023-05-04 10:00:00,49.9933
2023-05-04 11:00:00,50
2023-05-04 12:00:00,49.9683
2023-05-04 13:00:00,50.0167
2023-05-04 14:00:00,50.07
2023-05-04 15:00:00,50.1633
2023-05-04 16:00:00,49.9333
2023-05-05 10:00:00,50.5933
2023-05-05 11:00:00,50.6117
2023-05-05 12:00:00,50.46
2023-05-05 13:00:00,50.53
2023-05-05 14:00:00,50.6
2023-05-05 15:00:00,50.6067
2023-05-05 16:00:00,50.4733
2023-05-08 10:00:00,50.5033
2023-05-08 11:00:00,50.595
2023-05-08 12:00:00,50.57
2023-05-08 13:00:00,50.74
2023-05-08 14:00:00,50.8937
2023-05-08 15:00:00,50.9133
2023-05-08 16:00:00,50.8733
2023-05-09 10:00:00,50.9433
2023-05-09 11:00:00,50.9733
2023-05-09 12:00:00,50.84
2023-05-09 13:00:00,50.8967
2023-05-09 14:00:00,50.9133
2023-05-09 15:00:00,50.9967
2023-05-09 16:00:00,51.0133
2023-05-10 10:00:00,50.87
2023-05-10 11:00:00,50.9017
2023-05-10 12:00:00,50.45
2023-05-10 13:00:00,50.5667
2023-05-10 14:00:00,50.7233
2023-05-10 15:00:00,50.8367
2023-05-10 16:00:00,50.8333
2023-05-11 10:00:00,51.0733
2023-05-11 11:00:00,50.9467
2023-05-11 12:00:00,51.0667
2023-05-11 13:00:00,50.91
2023-05-11 14:00:00,51.0183
2023-05-11 15:00:00,51.04
2023-05-11 16:00:00,51.0033
2023-05-12 10:00:00,51.1933
2023-05-12 11:00:00,51.1583
2023-05-12 12:00:00,51.01
2023-05-12 13:00:00,50.92
2023-05-12 14:00:00,51.0067
2023-05-12 15:00:00,51.0367
2023-05-12 16:00:00,51.04
2023-05-15 10:00:00,50.94
2023-05-15 11:00:00,50.8233
2023-05-15 12:00:00,50.6733
2023-05-15 13:00:00,50.7267
2023-05-15 14:00:00,50.67
2023-05-15 15:00:00,50.63
2023-05-15 16:00:00,50.6
2023-05-16 10:00:00,50.3467
2023-05-16 11:00:00,50.28
2023-05-16 12:00:00,50.24
2023-05-16 13:00:00,50.1333
2023-05-16 14:00:00,50.0633
2023-05-16 15:00:00,49.9254
2023-05-16 16:00:00,50.0267
2023-05-17 10:00:00,49.9667
2023-05-17 11:00:00,49.7157
2023-05-17 12:00:00,49.7833
2023-05-17 13:00:00,49.89
2023-05-17 14:00:00,49.8667
2023-05-17 15:00:00,49.8433
2023-05-17 16:00:00,49.8667
2023-05-18 10:00:00,50.86
2023-05-18 11:00:00,50.0533
2023-05-18 12:00:00,50.0533
2023-05-18 13:00:00,50.1667
2023-05-18 14:00:00,50.3867
2023-05-18 15:00:00,50.5
2023-05-18 16:00:00,50.4833
2023-05-19 10:00:00,50.0783
2023-05-19 11:00:00,49.9233
2023-05-19 12:00:00,50.0233
2023-05-19 13:00:00,49.8633
2023-05-19 14:00:00,49.9867
2023-05-19 15:00:00,49.96
2023-05-19 16:00:00,49.9
2023-05-22 10:00:00,49.7133
2023-05-22 11:00:00,49.59
2023-05-22 12:00:00,49.5033
2023-05-22 13:00:00,49.53
2023-05-22 14:00:00,49.6
2023-05-22 15:00:00,49.5433
2023-05-22 16:00:00,49.53
2023-05-23 10:00:00,49.4267
2023-05-23 11:00:00,49.4357
2023-05-23 12:00:00,49.5167
2023-05-23 13:00:00,49.4733
2023-05-23 14:00:00,49.34
2023-05-23 15:00:00,49.4367
2023-05-23 16:00:00,49.4667
2023-05-24 10:00:00,48.89
2023-05-24 11:00:00,48.9067
2023-05-24 12:00:00,49.1417
2023-05-24 13:00:00,49.2033
2023-05-24 14:00:00,49.205
2023-05-24 15:00:00,49.2133
2023-05-24 16:00:00,49.2133
2023-05-25 10:00:00,48.51
2023-05-25 11:00:00,48.4
2023-05-25 12:00:00,48.54
2023-05-25 13:00:00,48.74
2023-05-25 14:00:00,48.7533
2023-05-25 15:00:00,48.7167
2023-05-25 16:00:00,48.8
2023-05-26 10:00:00,48.9233
2023-05-26 11:00:00,48.8017
2023-05-26 12:00:00,48.6933
2023-05-26 13:00:00,48.81
2023-05-26 14:00:00,48.7933
2023-05-26 15:00:00,48.8133
2023-05-26 16:00:00,48.8333
2023-05-30 10:00:00,49.0058
2023-05-30 11:00:00,48.965
2023-05-30 12:00:00,48.7823
2023-05-30 13:00:00,48.6833
2023-05-30 14:00:00,48.7533
2023-05-30 15:00:00,48.6833
2023-05-30 16:00:00,48.6867
2023-05-31 10:00:00,48.8817
2023-05-31 11:00:00,48.925
2023-05-31 12:00:00,48.8733
2023-05-31 13:00:00,48.9893
2023-05-31 14:00:00,48.965
2023-05-31 15:00:00,48.9633
2023-05-31 16:00:00,48.8694
2023-06-01 10:00:00,48.9667
2023-06-01 11:00:00,49.0367
2023-06-01 12:00:00,49.1467
2023-06-01 13:00:00,49.2033
2023-06-01 14:00:00,49.1253
2023-06-01 15:00:00,49.1367
2023-06-01 16:00:00,49.1367
2023-06-02 10:00:00,49.5106
2023-06-02 11:00:00,49.42
2023-06-02 12:00:00,49.4033
2023-06-02 13:00:00,49.5361
2023-06-02 14:00:00,49.5733
2023-06-02 15:00:00,49.6067
2023-06-02 16:00:00,49.6067
2023-06-05 10:00:00,50.0167
2023-06-05 11:00:00,49.9433
2023-06-05 12:00:00,49.93
2023-06-05 13:00:00,49.9567
2023-06-05 14:00:00,50.005
2023-06-05 15:00:00,49.9333
2023-06-05 16:00:00,49.9367
2023-06-06 10:00:00,49.8833
2023-06-06 11:00:00,49.58
2023-06-06 12:00:00,49.7033
2023-06-06 13:00:00,49.6
2023-06-06 14:00:00,49.7467
2023-06-06 15:00:00,49.92
2023-06-06 16:00:00,49.9267
2023-06-07 10:00:00,49.805
2023-06-07 11:00:00,49.8267
2023-06-07 12:00:00,49.94
2023-06-07 13:00:00,49.9867
2023-06-07 14:00:00,49.9367
2023-06-07 15:00:00,49.9933
2023-06-07 16:00:00,50
2023-06-08 10:00:00,50.1967
2023-06-08 11:00:00,50.2
2023-06-08 12:00:00,50.3483
2023-06-08 13:00:00,50.4867
2023-06-08 14:00:00,50.6195
2023-06-08 15:00:00,50.7167
2023-06-08 16:00:00,50.6333
2023-06-09 10:00:00,51.0196
2023-06-09 11:00:00,50.9936
2023-06-09 12:00:00,51.01
2023-06-09 13:00:00,51.1167
2023-06-09 14:00:00,51.2033
2023-06-09 15:00:00,51.03
2023-06-09 16:00:00,51.03
2023-06-12 10:00:00,51.26
2023-06-12 11:00:00,51.18
2023-06-12 12:00:00,51.345
2023-06-12 13:00:00,51.2583
2023-06-12 14:00:00,51.2967
2023-06-12 15:00:00,51.3667
2023-06-12 16:00:00,51.4
2023-06-13 10:00:00,51.4533
2023-06-13 11:00:00,51.6467
2023-06-13 12:00:00,51.7808
2023-06-13 13:00:00,51.75
2023-06-13 14:00:00,51.6033
2023-06-13 15:00:00,51.7633
2023-06-13 16:00:00,51.7667
2023-06-14 10:00:00,52.31
2023-06-14 11:00:00,52.31
2023-06-14 12:00:00,52.33
2023-06-14 13:00:00,52.4133
2023-06-14 14:00:00,52.3567
2023-06-14 15:00:00,52.3033
2023-06-14 16:00:00,52.29
2023-06-15 10:00:00,52.6367
2023-06-15 11:00:00,52.4921
2023-06-15 12:00:00,52.6067
2023-06-15 13:00:00,52.5767
2023-06-15 14:00:00,52.7267
2023-06-15 15:00:00,52.5933
2023-06-15 16:00:00,52.55
2023-06-16 10:00:00,52.2633
2023-06-16 11:00:00,52.0967
2023-06-16 12:00:00,52.095
2023-06-16 13:00:00,52.13
2023-06-16 14:00:00,52.01
2023-06-16 15:00:00,51.85
2023-06-16 16:00:00,51.8667
2023-06-20 10:00:00,51.4533
2023-06-20 11:00:00,51.3203
2023-06-20 12:00:00,51.465
2023-06-20 13:00:00,51.4533
2023-06-20 14:00:00,51.5367
2023-06-20 15:00:00,51.4
2023-06-20 16:00:00,51.2567
2023-06-21 10:00:00,51.5267
2023-06-21 11:00:00,51.5733
2023-06-21 12:00:00,51.743
2023-06-21 13:00:00,51.635
2023-06-21 14:00:00,51.61
2023-06-21 15:00:00,51.49
2023-06-21 16:00:00,51.45
2023-06-22 10:00:00,51.87
2023-06-22 11:00:00,51.8067
2023-06-22 12:00:00,51.92
2023-06-22 13:00:00,51.9133
2023-06-22 14:00:00,51.9267
2023-06-22 15:00:00,51.9233
2023-06-22 16:00:00,51.9167
2023-06-23 10:00:00,51.8242
2023-06-23 11:00:00,51.895
2023-06-23 12:00:00,51.8633
2023-06-23 13:00:00,51.8733
2023-06-23 14:00:00,51.8433
2023-06-23 15:00:00,51.83
2023-06-23 16:00:00,51.7333
2023-06-26 10:00:00,51.4867
2023-06-26 11:00:00,51.545
2023-06-26 12:00:00,51.6733
2023-06-26 13:00:00,51.6333
2023-06-26 14:00:00,51.69
2023-06-26 15:00:00,51.6867
2023-06-26 16:00:00,51.6833
2023-06-27 10:00:00,51.6467
2023-06-27 11:00:00,51.5333
2023-06-27 12:00:00,51.6033
2023-06-27 13:00:00,51.555
2023-06-27 14:00:00,51.57
2023-06-27 15:00:00,51.4967
2023-06-27 16:00:00,51.4967
2023-06-28 10:00:00,51.6033
2023-06-28 11:00:00,51.825
2023-06-28 12:00:00,51.7833
2023-06-28 13:00:00,51.77
2023-06-28 14:00:00,51.6933
2023-06-28 15:00:00,51.7767
2023-06-28 16:00:00,51.7767
2023-06-29 10:00:00,51.35
2023-06-29 11:00:00,51.3467
2023-06-29 12:00:00,51.3082
2023-06-29 13:00:00,51.1083
2023-06-29 14:00:00,51.3033
2023-06-29 15:00:00,51.43
2023-06-29 16:00:00,51.4267
2023-06-30 10:00:00,52.0733
2023-06-30 11:00:00,52.0167
2023-06-30 12:00:00,52.1883
2023-06-30 13:00:00,52.23
2023-06-30 14:00:00,52.4367
2023-06-30 15:00:00,52.3933
2023-06-30 16:00:00,52.3333
2023-07-03 10:00:00,52.6767
2023-07-03 11:00:00,52.7933
2023-07-03 12:00:00,52.73
2023-07-03 13:00:00,52.7583
2023-07-03 14:00:00,52.7333
2023-07-03 15:00:00,52.7633
2023-07-03 16:00:00,52.7333
2023-07-05 10:00:00,52.6683
2023-07-05 11:00:00,52.5184
2023-07-05 12:00:00,52.5133
2023-07-05 13:00:00,52.6567
2023-07-05 14:00:00,52.7567
2023-07-05 15:00:00,52.7
2023-07-05 16:00:00,52.7033
2023-07-06 10:00:00,52.4533
2023-07-06 11:00:00,52.4833
2023-07-06 12:00:00,52.51
2023-07-06 13:00:00,52.4211
2023-07-06 14:00:00,52.3467
2023-07-06 15:00:00,52.3667
2023-07-06 16:00:00,52.37
2023-07-07 10:00:00,51.7867
2023-07-07 11:00:00,51.6833
2023-07-07 12:00:00,51.7844
2023-07-07 13:00:00,51.65
2023-07-07 14:00:00,51.4833
2023-07-07 15:00:00,51.1633
2023-07-07 16:00:00,51.2
2023-07-10 10:00:00,51.6333
2023-07-10 11:00:00,51.4833
2023-07-10 12:00:00,51.6467
2023-07-10 13:00:00,51.7433
2023-07-10 14:00:00,51.6367
2023-07-10 15:00:00,51.6367
2023-07-10 16:00:00,51.6267
2023-07-11 10:00:00,51.3483
2023-07-11 11:00:00,51.4867
2023-07-11 12:00:00,51.46
2023-07-11 13:00:00,51.465
2023-07-11 14:00:00,51.5033
2023-07-11 15:00:00,51.5533
2023-07-11 16:00:00,51.6
2023-07-12 10:00:00,51.8299
2023-07-12 11:00:00,51.8517
2023-07-12 12:00:00,51.7717
2023-07-12 13:00:00,51.7267
2023-07-12 14:00:00,51.7267
2023-07-12 15:00:00,51.6867
2023-07-12 16:00:00,51.7333
2023-07-13 10:00:00,51.2799
2023-07-13 11:00:00,51.515
2023-07-13 12:00:00,51.5033
2023-07-13 13:00:00,51.56
2023-07-13 14:00:00,51.44
2023-07-13 15:00:00,51.3667
2023-07-13 16:00:00,51.3337
2023-07-14 10:00:00,51.3467
2023-07-14 11:00:00,51.36
2023-07-14 12:00:00,51.3649
2023-07-14 13:00:00,51.4433
2023-07-14 14:00:00,51.4512
2023-07-14 15:00:00,51.5567
2023-07-14 16:00:00,51.5467
2023-07-17 10:00:00,51.5042
2023-07-17 11:00:00,51.5467
2023-07-17 12:00:00,51.5367
2023-07-17 13:00:00,51.5512
2023-07-17 14:00:00,51.57
2023-07-17 15:00:00,51.6167
2023-07-17 16:00:00,51.6167
2023-07-18 10:00:00,51.8067
2023-07-18 11:00:00,51.7717
2023-07-18 12:00:00,51.4767
2023-07-18 13:00:00,51.4833
2023-07-18 14:00:00,51.3733
2023-07-18 15:00:00,51.53
2023-07-18 16:00:00,51.4433
2023-07-19 10:00:00,51.2867
2023-07-19 11:00:00,51.3517
2023-07-19 12:00:00,51.335
2023-07-19 13:00:00,51.4
2023-07-19 14:00:00,51.4967
2023-07-19 15:00:00,51.53
2023-07-19 16:00:00,51.54
2023-07-20 10:00:00,52.2525
2023-07-20 11:00:00,52.1467
2023-07-20 12:00:00,52.2733
2023-07-20 13:00:00,52.3217
2023-07-20 14:00:00,52.3933
2023-07-20 15:00:00,52.4933
2023-07-20 16:00:00,52.4867
2023-07-21 10:00:00,52.8417
2023-07-21 11:00:00,52.7367
2023-07-21 12:00:00,52.7973
2023-07-21 13:00:00,52.78
2023-07-21 14:00:00,52.82
2023-07-21 15:00:00,52.7867
2023-07-21 16:00:00,52.8333
2023-07-24 10:00:00,52.85
2023-07-24 11:00:00,53.05
2023-07-24 12:00:00,52.9433
2023-07-24 13:00:00,53.0242
2023-07-24 14:00:00,53.0967
2023-07-24 15:00:00,53.1
2023-07-24 16:00:00,53.1
2023-07-25 10:00:00,53.0267
2023-07-25 11:00:00,53.0633
2023-07-25 12:00:00,52.97
2023-07-25 13:00:00,52.8183
2023-07-25 14:00:00,52.9267
2023-07-25 15:00:00,53.05
2023-07-25 16:00:00,53.1667
2023-07-26 10:00:00,53.5253
2023-07-26 11:00:00,53.36
2023-07-26 12:00:00,53.3317
2023-07-26 13:00:00,53.2233
2023-07-26 14:00:00,53.2467
2023-07-26 15:00:00,53.2533
2023-07-26 16:00:00,53.3533
2023-07-27 10:00:00,53.4
2023-07-27 11:00:00,53.3383
2023-07-27 12:00:00,53.5033
2023-07-27 13:00:00,53.33
2023-07-27 14:00:00,53.1333
2023-07-27 15:00:00,53.06
2023-07-27 16:00:00,53.0967
2023-07-28 10:00:00,53.5467
2023-07-28 11:00:00,53.6
2023-07-28 12:00:00,53.4583
2023-07-28 13:00:00,53.4271
2023-07-28 14:00:00,53.43
2023-07-28 15:00:00,53.29
2023-07-28 16:00:00,53.3
2023-07-31 10:00:00,53.2233
2023-07-31 11:00:00,53.0263
2023-07-31 12:00:00,53.006
2023-07-31 13:00:00,53.19
2023-07-31 14:00:00,53.11
2023-07-31 15:00:00,53.29
2023-07-31 16:00:00,53.2867
2023-08-01 10:00:00,53.2167
2023-08-01 11:00:00,53.13
2023-08-01 12:00:00,53.0533
2023-08-01 13:00:00,53.1413
2023-08-01 14:00:00,53.1267
2023-08-01 15:00:00,53.0367
2023-08-01 16:00:00,53.0367
2023-08-02 10:00:00,53.1167
2023-08-02 11:00:00,53.2933
2023-08-02 12:00:00,53.4017
2023-08-02 13:00:00,53.2133
2023-08-02 14:00:00,53.03
2023-08-02 15:00:00,53.07
2023-08-02 16:00:00,53.2627
2023-08-03 10:00:00,52.87
2023-08-03 11:00:00,52.95
2023-08-03 12:00:00,53.0667
2023-08-03 13:00:00,53
2023-08-03 14:00:00,53.1233
2023-08-03 15:00:00,53.0867
2023-08-03 16:00:00,53.1633
2023-08-04 10:00:00,53.115
2023-08-04 11:00:00,53.09
2023-08-04 12:00:00,53.1833
2023-08-04 13:00:00,53.0833
2023-08-04 14:00:00,52.75
2023-08-04 15:00:00,52.7833
2023-08-04 16:00:00,52.7667
2023-08-07 10:00:00,53.64
2023-08-07 11:00:00,53.6767
2023-08-07 12:00:00,53.6433
2023-08-07 13:00:00,53.62
2023-08-07 14:00:00,53.5567
2023-08-07 15:00:00,53.5
2023-08-07 16:00:00,53.5
2023-08-08 10:00:00,53.2433
2023-08-08 11:00:00,53.29
2023-08-08 12:00:00,53.3733
2023-08-08 13:00:00,53.4067
2023-08-08 14:00:00,53.5133
2023-08-08 15:00:00,53.5433
2023-08-08 16:00:00,53.5833
2023-08-09 10:00:00,54.0167
2023-08-09 11:00:00,53.63
2023-08-09 12:00:00,53.7333
2023-08-09 13:00:00,53.82
2023-08-09 14:00:00,53.81
2023-08-09 15:00:00,53.6367
2023-08-09 16:00:00,53.6667
2023-08-10 10:00:00,53.7717
2023-08-10 11:00:00,53.6367
2023-08-10 12:00:00,53.3933
2023-08-10 13:00:00,53.3644
2023-08-10 14:00:00,53.61
2023-08-10 15:00:00,53.4233
2023-08-10 16:00:00,53.53
2023-08-11 10:00:00,53.9033
2023-08-11 11:00:00,53.8867
2023-08-11 12:00:00,53.84
2023-08-11 13:00:00,53.7683
2023-08-11 14:00:00,53.82
2023-08-11 15:00:00,53.7433
2023-08-11 16:00:00,53.7629
2023-08-14 10:00:00,53.5333
2023-08-14 11:00:00,53.5767
2023-08-14 12:00:00,53.4033
2023-08-14 13:00:00,53.1267
2023-08-14 14:00:00,53.1292
2023-08-14 15:00:00,53.3333
2023-08-14 16:00:00,53.3333
2023-08-15 10:00:00,53.1083
2023-08-15 11:00:00,53.19
2023-08-15 12:00:00,53.0467
2023-08-15 13:00:00,53.1767
2023-08-15 14:00:00,53.2467
2023-08-15 15:00:00,53.0567
2023-08-15 16:00:00,53.0633
2023-08-16 10:00:00,53.07
2023-08-16 11:00:00,52.8967
2023-08-16 12:00:00,53.03
2023-08-16 13:00:00,53.0222
2023-08-16 14:00:00,53.0733
2023-08-16 15:00:00,53.0833
2023-08-16 16:00:00,53.2667
2023-08-17 10:00:00,52.3878
2023-08-17 11:00:00,52.2667
2023-08-17 12:00:00,52.1033
2023-08-17 13:00:00,52.1
2023-08-17 14:00:00,51.9533
2023-08-17 15:00:00,51.8867
2023-08-17 16:00:00,51.7733
2023-08-18 10:00:00,52.71
2023-08-18 11:00:00,52.58
2023-08-18 12:00:00,52.7233
2023-08-18 13:00:00,52.74
2023-08-18 14:00:00,52.5767
2023-08-18 15:00:00,52.6464
2023-08-18 16:00:00,52.5667
2023-08-21 10:00:00,52.57
2023-08-21 11:00:00,52.4167
2023-08-21 12:00:00,52.4367
2023-08-21 13:00:00,52.3833
2023-08-21 14:00:00,52.5628
2023-08-21 15:00:00,52.51
2023-08-21 16:00:00,52.56
2023-08-22 10:00:00,52.18
2023-08-22 11:00:00,52.18
2023-08-22 12:00:00,52.3016
2023-08-22 13:00:00,52.2333
2023-08-22 14:00:00,52.21
2023-08-22 15:00:00,52.33
2023-08-22 16:00:00,52.27
2023-08-23 10:00:00,52.4667
2023-08-23 11:00:00,52.4867
2023-08-23 12:00:00,52.6467
2023-08-23 13:00:00,52.71
2023-08-23 14:00:00,52.6717
2023-08-23 15:00:00,52.71
2023-08-23 16:00:00,52.6667
2023-08-24 10:00:00,52.6216
2023-08-24 11:00:00,52.5767
2023-08-24 12:00:00,52.56
2023-08-24 13:00:00,52.5267
2023-08-24 14:00:00,52.55
2023-08-24 15:00:00,52.2767
2023-08-24 16:00:00,52.26
2023-08-25 10:00:00,52.335
2023-08-25 11:00:00,52.35
2023-08-25 12:00:00,52.4267
2023-08-25 13:00:00,52.5033
2023-08-25 14:00:00,52.6033
2023-08-25 15:00:00,52.61
2023-08-25 16:00:00,52.6067
2023-08-28 10:00:00,52.7625
2023-08-28 11:00:00,52.79
2023-08-28 12:00:00,52.82
2023-08-28 13:00:00,52.7867
2023-08-28 14:00:00,52.74
2023-08-28 15:00:00,52.8933
2023-08-28 16:00:00,52.9067
2023-08-29 10:00:00,53.0333
2023-08-29 11:00:00,53.1933
2023-08-29 12:00:00,53.2883
2023-08-29 13:00:00,53.2533
2023-08-29 14:00:00,53.2967
2023-08-29 15:00:00,53.35
2023-08-29 16:00:00,53.2333
2023-08-30 10:00:00,53.5466
2023-08-30 11:00:00,53.5933
2023-08-30 12:00:00,53.615
2023-08-30 13:00:00,53.6
2023-08-30 14:00:00,53.6657
2023-08-30 15:00:00,53.7267
2023-08-30 16:00:00,53.7333
2023-08-31 10:00:00,54.0933
2023-08-31 11:00:00,54.2667
2023-08-31 12:00:00,54.1567
2023-08-31 13:00:00,54.2469
2023-08-31 14:00:00,54.2323
2023-08-31 15:00:00,54.1933
2023-08-31 16:00:00,54.1667
2023-09-01 10:00:00,53.88
2023-09-01 11:00:00,53.6067
2023-09-01 12:00:00,53.5133
2023-09-01 13:00:00,53.6633
2023-09-01 14:00:00,53.8033
2023-09-01 15:00:00,53.8567
2023-09-01 16:00:00,53.9
2023-09-05 10:00:00,53.8192
2023-09-05 11:00:00,53.9333
2023-09-05 12:00:00,53.6967
2023-09-05 13:00:00,53.5967
2023-09-05 14:00:00,53.5833
2023-09-05 15:00:00,53.4267
2023-09-05 16:00:00,53.46
2023-09-06 10:00:00,53.91
2023-09-06 11:00:00,53.9567
2023-09-06 12:00:00,53.8533
2023-09-06 13:00:00,54.0055
2023-09-06 14:00:00,54.0433
2023-09-06 15:00:00,53.8233
2023-09-06 16:00:00,53.7333
2023-09-07 10:00:00,54.0333
2023-09-07 11:00:00,54.2433
2023-09-07 12:00:00,54.26
2023-09-07 13:00:00,54.3167
2023-09-07 14:00:00,54.37
2023-09-07 15:00:00,54.49
2023-09-07 16:00:00,54.5
2023-09-08 10:00:00,54.5233
2023-09-08 11:00:00,54.4567
2023-09-08 12:00:00,54.4433
2023-09-08 13:00:00,54.4367
2023-09-08 14:00:00,54.5267
2023-09-08 15:00:00,54.59
2023-09-08 16:00:00,54.6333
2023-09-11 10:00:00,54.66
2023-09-11 11:00:00,54.7
2023-09-11 12:00:00,54.7367
2023-09-11 13:00:00,54.6733
2023-09-11 14:00:00,54.7633
2023-09-11 15:00:00,54.7867
2023-09-11 16:00:00,54.8
2023-09-12 10:00:00,54.875
2023-09-12 11:00:00,54.755
2023-09-12 12:00:00,54.8217
2023-09-12 13:00:00,54.8733
2023-09-12 14:00:00,54.87
2023-09-12 15:00:00,54.84
2023-09-12 16:00:00,54.81
2023-09-13 10:00:00,54.9733
2023-09-13 11:00:00,55.0933
2023-09-13 12:00:00,55.145
2023-09-13 13:00:00,55.1417
2023-09-13 14:00:00,54.9767
2023-09-13 15:00:00,54.8567
2023-09-13 16:00:00,54.8533
2023-09-14 10:00:00,54.99
2023-09-14 11:00:00,55.0633
2023-09-14 12:00:00,55.17
2023-09-14 13:00:00,55.135
2023-09-14 14:00:00,55.1867
2023-09-14 15:00:00,55.1033
2023-09-14 16:00:00,55.08
2023-09-15 10:00:00,55.0567
2023-09-15 11:00:00,54.9967
2023-09-15 12:00:00,55.0583
2023-09-15 13:00:00,55.025
2023-09-15 14:00:00,55.075
2023-09-15 15:00:00,54.9
2023-09-15 16:00:00,54.88
2023-09-18 10:00:00,54.65
2023-09-18 11:00:00,54.6
2023-09-18 12:00:00,54.6633
2023-09-18 13:00:00,54.625
2023-09-18 14:00:00,54.575
2023-09-18 15:00:00,54.47
2023-09-18 16:00:00,54.5
2023-09-19 10:00:00,54.2167
2023-09-19 11:00:00,54.1883
2023-09-19 12:00:00,54.15
2023-09-19 13:00:00,54.385
2023-09-19 14:00:00,54.4167
2023-09-19 15:00:00,54.4633
2023-09-19 16:00:00,54.5933
2023-09-20 10:00:00,54.66
2023-09-20 11:00:00,54.8067
2023-09-20 12:00:00,54.8167
2023-09-20 13:00:00,54.8183
2023-09-20 14:00:00,54.765
2023-09-20 15:00:00,54.64
2023-09-20 16:00:00,54.6367
2023-09-21 10:00:00,54.47
2023-09-21 11:00:00,54.3733
2023-09-21 12:00:00,54.2567
2023-09-21 13:00:00,54.21
2023-09-21 14:00:00,54.1733
2023-09-21 15:00:00,53.9633
2023-09-21 16:00:00,53.9733
2023-09-22 10:00:00,54.3414
2023-09-22 11:00:00,54.24
2023-09-22 12:00:00,54.3233
2023-09-22 13:00:00,54.1333
2023-09-22 14:00:00,54.205
2023-09-22 15:00:00,54.1133
2023-09-22 16:00:00,54.1167
2023-09-25 10:00:00,54.0567
2023-09-25 11:00:00,54.21
2023-09-25 12:00:00,54.1783
2023-09-25 13:00:00,54.1733
2023-09-25 14:00:00,54.1567
2023-09-25 15:00:00,54.3567
2023-09-25 16:00:00,54.3567
2023-09-26 10:00:00,54.3333
2023-09-26 11:00:00,54.42
2023-09-26 12:00:00,54.4233
2023-09-26 13:00:00,54.34
2023-09-26 14:00:00,54.3817
2023-09-26 15:00:00,54.17
2023-09-26 16:00:00,54.0733
2023-09-27 10:00:00,53.8833
2023-09-27 11:00:00,53.6467
2023-09-27 12:00:00,53.5917
2023-09-27 13:00:00,53.4967
2023-09-27 14:00:00,53.76
2023-09-27 15:00:00,53.91
2023-09-27 16:00:00,53.9067
2023-09-28 10:00:00,54.2167
2023-09-28 11:00:00,53.9867
2023-09-28 12:00:00,54.0467
2023-09-28 13:00:00,54.16
2023-09-28 14:00:00,54.1767
2023-09-28 15:00:00,54.1733
2023-09-28 16:00:00,54.1867
2023-09-29 10:00:00,53.7033
2023-09-29 11:00:00,53.5967
2023-09-29 12:00:00,53.3797
2023-09-29 13:00:00,53.14
2023-09-29 14:00:00,53.3167
2023-09-29 15:00:00,53.31
2023-09-29 16:00:00,53.3367
2023-10-02 10:00:00,53.25
2023-10-02 11:00:00,53.1833
2023-10-02 12:00:00,53.0408
2023-10-02 13:00:00,53.1535
2023-10-02 14:00:00,53.2167
2023-10-02 15:00:00,53.3667
2023-10-02 16:00:00,53.3967
2023-10-03 10:00:00,53.32
2023-10-03 11:00:00,53.0833
2023-10-03 12:00:00,53.1633
2023-10-03 13:00:00,53.1333
2023-10-03 14:00:00,52.9483
2023-10-03 15:00:00,53.0367
2023-10-03 16:00:00,53.03
2023-10-04 10:00:00,53.19
2023-10-04 11:00:00,53.5517
2023-10-04 12:00:00,53.5085
2023-10-04 13:00:00,53.5967
2023-10-04 14:00:00,53.6462
2023-10-04 15:00:00,53.64
2023-10-04 16:00:00,53.3667
2023-10-05 10:00:00,53.1267
2023-10-05 11:00:00,53.2067
2023-10-05 12:00:00,53.0533
2023-10-05 13:00:00,53.16
2023-10-05 14:00:00,53.1667
2023-10-05 15:00:00,53.0333
2023-10-05 16:00:00,53.0267
2023-10-06 10:00:00,50.6936
2023-10-06 11:00:00,51.3367
2023-10-06 12:00:00,51.2815
2023-10-06 13:00:00,51.6833
2023-10-06 14:00:00,52.02
2023-10-06 15:00:00,52.1467
2023-10-06 16:00:00,52.1367
2023-10-09 10:00:00,51.1367
2023-10-09 11:00:00,51.4633
2023-10-09 12:00:00,51.3867
2023-10-09 13:00:00,51.6817
2023-10-09 14:00:00,51.8
2023-10-09 15:00:00,51.9467
2023-10-09 16:00:00,51.9333
2023-10-10 10:00:00,52.3
2023-10-10 11:00:00,52.49
2023-10-10 12:00:00,52.6433
2023-10-10 13:00:00,52.5667
2023-10-10 14:00:00,52.4933
2023-10-10 15:00:00,52.5333
2023-10-10 16:00:00,52.6667
2023-10-11 10:00:00,52.55
2023-10-11 11:00:00,52.61
2023-10-11 12:00:00,52.64
2023-10-11 13:00:00,52.69
2023-10-11 14:00:00,52.7567
2023-10-11 15:00:00,52.7367
2023-10-11 16:00:00,52.7433
2023-10-12 10:00:00,52.7917
2023-10-12 11:00:00,52.9433
2023-10-12 12:00:00,52.9967
2023-10-12 13:00:00,52.88
2023-10-12 14:00:00,52.9317
2023-10-12 15:00:00,52.9867
2023-10-12 16:00:00,52.9833
2023-10-13 10:00:00,53.172
2023-10-13 11:00:00,53.2433
2023-10-13 12:00:00,53.3133
2023-10-13 13:00:00,53.3733
2023-10-13 14:00:00,53.32
2023-10-13 15:00:00,53.28
2023-10-13 16:00:00,53.2033
2023-10-16 10:00:00,53.865
2023-10-16 11:00:00,53.8667
2023-10-16 12:00:00,53.8533
2023-10-16 13:00:00,53.9867
2023-10-16 14:00:00,53.9233
2023-10-16 15:00:00,53.73
2023-10-16 16:00:00,53.7367
2023-10-17 10:00:00,53.7433
2023-10-17 11:00:00,53.8367
2023-10-17 12:00:00,53.81
2023-10-17 13:00:00,53.6067
2023-10-17 14:00:00,53.5133
2023-10-17 15:00:00,53.8067
2023-10-17 16:00:00,53.7367
2023-10-18 10:00:00,53.89
2023-10-18 11:00:00,53.87
2023-10-18 12:00:00,53.89
2023-10-18 13:00:00,54.0133
2023-10-18 14:00:00,53.97
2023-10-18 15:00:00,53.85
2023-10-18 16:00:00,53.8667
2023-10-19 10:00:00,53.4933
2023-10-19 11:00:00,53.7533
2023-10-19 12:00:00,53.8533
2023-10-19 13:00:00,53.73
2023-10-19 14:00:00,53.645
2023-10-19 15:00:00,53.58
2023-10-19 16:00:00,53.5133
2023-10-20 10:00:00,53.355
2023-10-20 11:00:00,53.2883
2023-10-20 12:00:00,53.1933
2023-10-20 13:00:00,53.22
2023-10-20 14:00:00,52.99
2023-10-20 15:00:00,52.92
2023-10-20 16:00:00,52.8733
2023-10-23 10:00:00,53.375
2023-10-23 11:00:00,53.54
2023-10-23 12:00:00,53.6433
2023-10-23 13:00:00,53.67
2023-10-23 14:00:00,53.7133
2023-10-23 15:00:00,53.67
2023-10-23 16:00:00,53.6767
2023-10-24 10:00:00,54.2733
2023-10-24 11:00:00,54.4517
2023-10-24 12:00:00,54.32
2023-10-24 13:00:00,54.22
2023-10-24 14:00:00,54.4133
2023-10-24 15:00:00,54.4133
2023-10-24 16:00:00,54.42
2023-10-25 10:00:00,54.61
2023-10-25 11:00:00,54.6783
2023-10-25 12:00:00,54.425
2023-10-25 13:00:00,54.3367
2023-10-25 14:00:00,54.2867
2023-10-25 15:00:00,54.2533
2023-10-25 16:00:00,54.2533
2023-10-26 10:00:00,54.5
2023-10-26 11:00:00,54.2067
2023-10-26 12:00:00,54.0367
2023-10-26 13:00:00,53.9133
2023-10-26 14:00:00,54.06
2023-10-26 15:00:00,53.93
2023-10-26 16:00:00,53.86
2023-10-27 10:00:00,53.8867
2023-10-27 11:00:00,53.74
2023-10-27 12:00:00,53.5733
2023-10-27 13:00:00,53.6933
2023-10-27 14:00:00,53.5967
2023-10-27 15:00:00,53.7167
2023-10-27 16:00:00,53.67
2023-10-30 10:00:00,53.9283
2023-10-30 11:00:00,53.9267
2023-10-30 12:00:00,54.0017
2023-10-30 13:00:00,54.2833
2023-10-30 14:00:00,54.3683
2023-10-30 15:00:00,54.3467
2023-10-30 16:00:00,54.3333
2023-10-31 10:00:00,54.3067
2023-10-31 11:00:00,54.2533
2023-10-31 12:00:00,54.2967
2023-10-31 13:00:00,54.4433
2023-10-31 14:00:00,54.4891
2023-10-31 15:00:00,54.47
2023-10-31 16:00:00,54.4333
2023-11-01 10:00:00,54.7633
2023-11-01 11:00:00,54.7833
2023-11-01 12:00:00,54.7467
2023-11-01 13:00:00,54.8896
2023-11-01 14:00:00,54.9533
2023-11-01 15:00:00,54.9633
2023-11-01 16:00:00,54.9567
2023-11-02 10:00:00,55.2433
2023-11-02 11:00:00,55.205
2023-11-02 12:00:00,55.3067
2023-11-02 13:00:00,55.3733
2023-11-02 14:00:00,55.3267
2023-11-02 15:00:00,55.1733
2023-11-02 16:00:00,55.0932
2023-11-03 10:00:00,55.2767
2023-11-03 11:00:00,55.2567
2023-11-03 12:00:00,55.2083
2023-11-03 13:00:00,55.2733
2023-11-03 14:00:00,55.2367
2023-11-03 15:00:00,54.8867
2023-11-03 16:00:00,54.9167
2023-11-06 10:00:00,54.9533
2023-11-06 11:00:00,55.09
2023-11-06 12:00:00,55.1433
2023-11-06 13:00:00,55.0533
2023-11-06 14:00:00,54.9167
2023-11-06 15:00:00,54.9767
2023-11-06 16:00:00,54.96
2023-11-07 10:00:00,55.44
2023-11-07 11:00:00,55.36
2023-11-07 12:00:00,55.5
2023-11-07 13:00:00,55.3833
2023-11-07 14:00:00,55.3933
2023-11-07 15:00:00,55.2143
2023-11-07 16:00:00,55.2967
2023-11-08 10:00:00,54.9567
2023-11-08 11:00:00,54.8017
2023-11-08 12:00:00,54.57
2023-11-08 13:00:00,54.7117
2023-11-08 14:00:00,54.72
2023-11-08 15:00:00,54.7667
2023-11-08 16:00:00,54.7633
2023-11-09 10:00:00,54.6833
2023-11-09 11:00:00,54.4233
2023-11-09 12:00:00,54.5867
2023-11-09 13:00:00,54.6167
2023-11-09 14:00:00,54.59
2023-11-09 15:00:00,54.64
2023-11-09 16:00:00,54.7567
2023-11-10 10:00:00,54.9167
2023-11-10 11:00:00,55.01
2023-11-10 12:00:00,55.31
2023-11-10 13:00:00,55.3067
2023-11-10 14:00:00,55.2983
2023-11-10 15:00:00,55.4
2023-11-10 16:00:00,55.3367
2023-11-13 10:00:00,55.5433
2023-11-13 11:00:00,55.8167
2023-11-13 12:00:00,55.8617
2023-11-13 13:00:00,55.8641
2023-11-13 14:00:00,55.86
2023-11-13 15:00:00,55.8933
2023-11-13 16:00:00,55.96
2023-11-14 10:00:00,56.1967
2023-11-14 11:00:00,56.0433
2023-11-14 12:00:00,55.8617
2023-11-14 13:00:00,55.7878
2023-11-14 14:00:00,55.88
2023-11-14 15:00:00,55.88
2023-11-14 16:00:00,55.7333
2023-11-15 10:00:00,56.19
2023-11-15 11:00:00,56.3533
2023-11-15 12:00:00,56.27
2023-11-15 13:00:00,56.4467
2023-11-15 14:00:00,56.4267
2023-11-15 15:00:00,56.59
2023-11-15 16:00:00,56.6233
2023-11-16 10:00:00,52.3633
2023-11-16 11:00:00,52.3647
2023-11-16 12:00:00,52.22
2023-11-16 13:00:00,52.0833
2023-11-16 14:00:00,52
2023-11-16 15:00:00,52.02
2023-11-16 16:00:00,52.1098
2023-11-17 10:00:00,52.3367
2023-11-17 11:00:00,52.1867
2023-11-17 12:00:00,52.11
2023-11-17 13:00:00,52.1633
2023-11-17 14:00:00,51.97
2023-11-17 15:00:00,51.7833
2023-11-17 16:00:00,51.79
2023-11-20 10:00:00,51.905
2023-11-20 11:00:00,51.7151
2023-11-20 12:00:00,51.69
2023-11-20 13:00:00,51.8217
2023-11-20 14:00:00,51.9483
2023-11-20 15:00:00,51.7733
2023-11-20 16:00:00,51.76
2023-11-21 10:00:00,51.54
2023-11-21 11:00:00,51.9633
2023-11-21 12:00:00,52.0733
2023-11-21 13:00:00,52.1933
2023-11-21 14:00:00,52.1842
2023-11-21 15:00:00,51.9567
2023-11-21 16:00:00,51.9
2023-11-22 10:00:00,51.48
2023-11-22 11:00:00,51.6567
2023-11-22 12:00:00,51.6533
2023-11-22 13:00:00,51.56
2023-11-22 14:00:00,51.55
2023-11-22 15:00:00,51.55
2023-11-22 16:00:00,51.59
2023-11-24 10:00:00,51.7867
2023-11-24 11:00:00,51.94
2023-11-24 12:00:00,52.0167
2023-11-24 13:00:00,51.9666
2023-11-24 14:00:00,51.9434
2023-11-24 15:00:00,51.98
2023-11-24 16:00:00,51.95
2023-11-27 10:00:00,52.35
2023-11-27 11:00:00,52.3967
2023-11-27 12:00:00,52.3233
2023-11-27 13:00:00,52.3383
2023-11-27 14:00:00,52.39
2023-11-27 15:00:00,52.25
2023-11-27 16:00:00,52.2567
2023-11-28 10:00:00,52.6367
2023-11-28 11:00:00,52.927
2023-11-28 12:00:00,52.8833
2023-11-28 13:00:00,52.8467
2023-11-28 14:00:00,52.8133
2023-11-28 15:00:00,52.9013
2023-11-28 16:00:00,52.8467
2023-11-29 10:00:00,52.0433
2023-11-29 11:00:00,51.9883
2023-11-29 12:00:00,51.9717
2023-11-29 13:00:00,51.975
2023-11-29 14:00:00,51.98
2023-11-29 15:00:00,52.03
2023-11-29 16:00:00,51.9175
2023-11-30 10:00:00,51.5733
2023-11-30 11:00:00,51.8417
2023-11-30 12:00:00,51.6533
2023-11-30 13:00:00,51.6867
2023-11-30 14:00:00,51.7033
2023-11-30 15:00:00,51.8633
2023-11-30 16:00:00,51.86
2023-12-01 10:00:00,51.15
2023-12-01 11:00:00,51.2533
2023-12-01 12:00:00,51.11
2023-12-01 13:00:00,51.2167
2023-12-01 14:00:00,51.2133
2023-12-01 15:00:00,51.45
2023-12-01 16:00:00,51.4367
2023-12-04 10:00:00,51.35
2023-12-04 11:00:00,51.3167
2023-12-04 12:00:00,51.5367
2023-12-04 13:00:00,51.5356
2023-12-04 14:00:00,51.5267
2023-12-04 15:00:00,51.4333
2023-12-04 16:00:00,51.43
2023-12-05 10:00:00,51.6967
2023-12-05 11:00:00,51.6867
2023-12-05 12:00:00,51.8733
2023-12-05 13:00:00,51.8433
2023-12-05 14:00:00,51.8167
2023-12-05 15:00:00,51.91
2023-12-05 16:00:00,51.8733
2023-12-06 10:00:00,51.3033
2023-12-06 11:00:00,51.3567
2023-12-06 12:00:00,51.35
2023-12-06 13:00:00,51.38
2023-12-06 14:00:00,51.4167
2023-12-06 15:00:00,51.3567
2023-12-06 16:00:00,51.3467
2023-12-07 10:00:00,51.0967
2023-12-07 11:00:00,51.1197
2023-12-07 12:00:00,51.0392
2023-12-07 13:00:00,50.9633
2023-12-07 14:00:00,50.8383
2023-12-07 15:00:00,50.82
2023-12-07 16:00:00,50.8
2023-12-08 10:00:00,50.535
2023-12-08 11:00:00,50.2667
2023-12-08 12:00:00,50.2367
2023-12-08 13:00:00,50.1517
2023-12-08 14:00:00,50.1967
2023-12-08 15:00:00,50.2733
2023-12-08 16:00:00,50.2633
2023-12-11 10:00:00,49.9217
2023-12-11 11:00:00,49.9492
2023-12-11 12:00:00,49.8974
2023-12-11 13:00:00,49.9467
2023-12-11 14:00:00,50.15
2023-12-11 15:00:00,50.4067
2023-12-11 16:00:00,50.4133
2023-12-12 10:00:00,50.38
2023-12-12 11:00:00,50.34
2023-12-12 12:00:00,50.2961
2023-12-12 13:00:00,50.3167
2023-12-12 14:00:00,50.3667
2023-12-12 15:00:00,50.4533
2023-12-12 16:00:00,50.4333
2023-12-13 10:00:00,50.4933
2023-12-13 11:00:00,50.7483
2023-12-13 12:00:00,50.855
2023-12-13 13:00:00,50.8267
2023-12-13 14:00:00,50.96
2023-12-13 15:00:00,51.35
2023-12-13 16:00:00,51.26
2023-12-14 10:00:00,50.75
2023-12-14 11:00:00,50.75
2023-12-14 12:00:00,50.95
2023-12-14 13:00:00,50.7213
2023-12-14 14:00:00,50.8067
2023-12-14 15:00:00,50.7167
2023-12-14 16:00:00,50.7667
2023-12-15 10:00:00,50.745
2023-12-15 11:00:00,50.6733
2023-12-15 12:00:00,50.74
2023-12-15 13:00:00,50.7
2023-12-15 14:00:00,50.9
2023-12-15 15:00:00,50.9467
2023-12-15 16:00:00,50.9167
2023-12-18 10:00:00,51.55
2023-12-18 11:00:00,51.45
2023-12-18 12:00:00,51.4733
2023-12-18 13:00:00,51.4892
2023-12-18 14:00:00,51.6233
2023-12-18 15:00:00,51.6567
2023-12-18 16:00:00,51.6067
2023-12-19 10:00:00,51.5627
2023-12-19 11:00:00,51.5967
2023-12-19 12:00:00,51.6567
2023-12-19 13:00:00,51.7733
2023-12-19 14:00:00,51.7553
2023-12-19 15:00:00,51.8767
2023-12-19 16:00:00,51.8033
2023-12-20 10:00:00,51.8567
2023-12-20 11:00:00,51.73
2023-12-20 12:00:00,51.8134
2023-12-20 13:00:00,51.8799
2023-12-20 14:00:00,51.635
2023-12-20 15:00:00,51.2433
2023-12-20 16:00:00,51.2167
2023-12-21 10:00:00,51.6633
2023-12-21 11:00:00,51.43
2023-12-21 12:00:00,51.41
2023-12-21 13:00:00,51.47
2023-12-21 14:00:00,51.515
2023-12-21 15:00:00,51.5967
2023-12-21 16:00:00,51.6
2023-12-22 10:00:00,52.2619
2023-12-22 11:00:00,52.2367
2023-12-22 12:00:00,52.3067
2023-12-22 13:00:00,52.305
2023-12-22 14:00:00,52.2983
2023-12-22 15:00:00,52.2133
2023-12-22 16:00:00,52.2
2023-12-26 10:00:00,52.2567
2023-12-26 11:00:00,52.2167
2023-12-26 12:00:00,52.1
2023-12-26 13:00:00,52.13
2023-12-26 14:00:00,52.1587
2023-12-26 15:00:00,52.14
2023-12-26 16:00:00,52.1133
2023-12-27 10:00:00,52.51
2023-12-27 11:00:00,52.48
2023-12-27 12:00:00,52.4717
2023-12-27 13:00:00,52.5133
2023-12-27 14:00:00,52.53
2023-12-27 15:00:00,52.64
2023-12-27 16:00:00,52.6667
2023-12-28 10:00:00,52.67
2023-12-28 11:00:00,52.6583
2023-12-28 12:00:00,52.5783
2023-12-28 13:00:00,52.565
2023-12-28 14:00:00,52.5367
2023-12-28 15:00:00,52.55
2023-12-28 16:00:00,52.5033
2023-12-29 10:00:00,52.5933
2023-12-29 11:00:00,52.4767
2023-12-29 12:00:00,52.5
2023-12-29 13:00:00,52.5517
2023-12-29 14:00:00,52.579
2023-12-29 15:00:00,52.55
2023-12-29 16:00:00,52.52
2024-01-02 10:00:00,52.9717
2024-01-02 11:00:00,53.17
2024-01-02 12:00:00,53.03
2024-01-02 13:00:00,52.9633
2024-01-02 14:00:00,52.9483
2024-01-02 15:00:00,53.1067
2024-01-02 16:00:00,53.1
2024-01-03 10:00:00,53.04
2024-01-03 11:00:00,53.2367
2024-01-03 12:00:00,53.21
2024-01-03 13:00:00,53.1367
2024-01-03 14:00:00,53.18
2024-01-03 15:00:00,53.1
2024-01-03 16:00:00,53.0801
2024-01-04 10:00:00,52.88
2024-01-04 11:00:00,52.8833
2024-01-04 12:00:00,52.8733
2024-01-04 13:00:00,52.8183
2024-01-04 14:00:00,52.62
2024-01-04 15:00:00,52.5933
2024-01-04 16:00:00,52.65
2024-01-05 10:00:00,52.1831
2024-01-05 11:00:00,52.115
2024-01-05 12:00:00,51.925
2024-01-05 13:00:00,52.0467
2024-01-05 14:00:00,52.0267
2024-01-05 15:00:00,52.2367
2024-01-05 16:00:00,52.1708
2024-01-08 10:00:00,52.4933
2024-01-08 11:00:00,52.5867
2024-01-08 12:00:00,52.54
2024-01-08 13:00:00,52.495
2024-01-08 14:00:00,52.6633
2024-01-08 15:00:00,52.75
2024-01-08 16:00:00,52.7333
2024-01-09 10:00:00,52.6333
2024-01-09 11:00:00,52.6667
2024-01-09 12:00:00,52.8633
2024-01-09 13:00:00,52.84
2024-01-09 14:00:00,52.93
2024-01-09 15:00:00,53.1
2024-01-09 16:00:00,53.0833
2024-01-10 10:00:00,53.5667
2024-01-10 11:00:00,53.594
2024-01-10 12:00:00,53.6167
2024-01-10 13:00:00,53.7633
2024-01-10 14:00:00,53.8117
2024-01-10 15:00:00,53.76
2024-01-10 16:00:00,53.7633
2024-01-11 10:00:00,53.48
2024-01-11 11:00:00,53.4433
2024-01-11 12:00:00,53.5633
2024-01-11 13:00:00,53.5961
2024-01-11 14:00:00,53.69
2024-01-11 15:00:00,53.6967
2024-01-11 16:00:00,53.68
2024-01-12 10:00:00,53.51
2024-01-12 11:00:00,53.59
2024-01-12 12:00:00,53.5633
2024-01-12 13:00:00,53.615
2024-01-12 14:00:00,53.5983
2024-01-12 15:00:00,53.7733
2024-01-12 16:00:00,53.7367
2024-01-16 10:00:00,54.0667
2024-01-16 11:00:00,53.8767
2024-01-16 12:00:00,53.8833
2024-01-16 13:00:00,53.93
2024-01-16 14:00:00,53.805
2024-01-16 15:00:00,53.9367
2024-01-16 16:00:00,53.94
2024-01-17 10:00:00,53.8467
2024-01-17 11:00:00,53.7933
2024-01-17 12:00:00,53.7567
2024-01-17 13:00:00,53.6067
2024-01-17 14:00:00,53.7183
2024-01-17 15:00:00,53.69
2024-01-17 16:00:00,53.65
2024-01-18 10:00:00,53.81
2024-01-18 11:00:00,53.79
2024-01-18 12:00:00,53.8333
2024-01-18 13:00:00,54.0433
2024-01-18 14:00:00,54.245
2024-01-18 15:00:00,54.4133
2024-01-18 16:00:00,54.3729
2024-01-19 10:00:00,54.0233
2024-01-19 11:00:00,54.1367
2024-01-19 12:00:00,54.1967
2024-01-19 13:00:00,54.2267
2024-01-19 14:00:00,54.1933
2024-01-19 15:00:00,54.1267
2024-01-19 16:00:00,54.1267
2024-01-22 10:00:00,54.0243
2024-01-22 11:00:00,54.0783
2024-01-22 12:00:00,54.1667
2024-01-22 13:00:00,54.0867
2024-01-22 14:00:00,54.1138
2024-01-22 15:00:00,54.13
2024-01-22 16:00:00,54.1067
2024-01-23 10:00:00,54.1483
2024-01-23 11:00:00,53.9767
2024-01-23 12:00:00,54.0733
2024-01-23 13:00:00,54.15
2024-01-23 14:00:00,54.1909
2024-01-23 15:00:00,54.2667
2024-01-23 16:00:00,54.1417
2024-01-24 10:00:00,54.03
2024-01-24 11:00:00,54.11
2024-01-24 12:00:00,54.0167
2024-01-24 13:00:00,53.8983
2024-01-24 14:00:00,53.75
2024-01-24 15:00:00,53.5067
2024-01-24 16:00:00,53.4867
2024-01-25 10:00:00,53.6733
2024-01-25 11:00:00,53.7555
2024-01-25 12:00:00,53.8299
2024-01-25 13:00:00,53.9233
2024-01-25 14:00:00,54.0483
2024-01-25 15:00:00,54.2867
2024-01-25 16:00:00,54.2667
2024-01-26 10:00:00,54.4517
2024-01-26 11:00:00,54.5483
2024-01-26 12:00:00,54.5333
2024-01-26 13:00:00,54.52
2024-01-26 14:00:00,54.57
2024-01-26 15:00:00,54.7633
2024-01-26 16:00:00,54.72
2024-01-29 10:00:00,54.5683
2024-01-29 11:00:00,54.6967
2024-01-29 12:00:00,54.665
2024-01-29 13:00:00,54.7483
2024-01-29 14:00:00,54.8708
2024-01-29 15:00:00,55.0133
2024-01-29 16:00:00,55.0033
2024-01-30 10:00:00,54.9183
2024-01-30 11:00:00,55.0633
2024-01-30 12:00:00,55.1467
2024-01-30 13:00:00,55.1033
2024-01-30 14:00:00,55.2233
2024-01-30 15:00:00,55.1867
2024-01-30 16:00:00,55.2233
2024-01-31 10:00:00,55.38
2024-01-31 11:00:00,55.3933
2024-01-31 12:00:00,55.4533
2024-01-31 13:00:00,55.4433
2024-01-31 14:00:00,55.325
2024-01-31 15:00:00,55.0733
2024-01-31 16:00:00,55.1333
2024-02-01 10:00:00,55.6067
2024-02-01 11:00:00,55.8833
2024-02-01 12:00:00,55.945
2024-02-01 13:00:00,55.8066
2024-02-01 14:00:00,55.9
2024-02-01 15:00:00,56.0967
2024-02-01 16:00:00,56.1167
2024-02-02 10:00:00,56.15
2024-02-02 11:00:00,56.1367
2024-02-02 12:00:00,56.4
2024-02-02 13:00:00,56.675
2024-02-02 14:00:00,56.7633
2024-02-02 15:00:00,56.52
2024-02-02 16:00:00,56.5833
2024-02-05 10:00:00,56.08
2024-02-05 11:00:00,56.2833
2024-02-05 12:00:00,56.3357
2024-02-05 13:00:00,56.4033
2024-02-05 14:00:00,56.4133
2024-02-05 15:00:00,56.2133
2024-02-05 16:00:00,56.2267
2024-02-06 10:00:00,56.36
2024-02-06 11:00:00,56.45
2024-02-06 12:00:00,56.56
2024-02-06 13:00:00,56.6467
2024-02-06 14:00:00,56.5633
2024-02-06 15:00:00,56.6033
2024-02-06 16:00:00,56.6167
2024-02-07 10:00:00,56.6167
2024-02-07 11:00:00,56.6783
2024-02-07 12:00:00,56.7067
2024-02-07 13:00:00,56.6517
2024-02-07 14:00:00,56.5667
2024-02-07 15:00:00,56.4533
2024-02-07 16:00:00,56.4467
2024-02-08 10:00:00,56.74
2024-02-08 11:00:00,56.5983
2024-02-08 12:00:00,56.5967
2024-02-08 13:00:00,56.5
2024-02-08 14:00:00,56.4783
2024-02-08 15:00:00,56.4567
2024-02-08 16:00:00,56.5
2024-02-09 10:00:00,56.5417
2024-02-09 11:00:00,56.4683
2024-02-09 12:00:00,56.4233
2024-02-09 13:00:00,56.37
2024-02-09 14:00:00,56.4533
2024-02-09 15:00:00,56.4233
2024-02-09 16:00:00,56.4
2024-02-12 10:00:00,56.415
2024-02-12 11:00:00,56.6733
2024-02-12 12:00:00,56.7083
2024-02-12 13:00:00,56.66
2024-02-12 14:00:00,56.5938
2024-02-12 15:00:00,56.7833
2024-02-12 16:00:00,56.7167
2024-02-13 10:00:00,56.5267
2024-02-13 11:00:00,56.5783
2024-02-13 12:00:00,56.5233
2024-02-13 13:00:00,56.3083
2024-02-13 14:00:00,56.1333
2024-02-13 15:00:00,56.38
2024-02-13 16:00:00,56.3967
2024-02-14 10:00:00,56.0733
2024-02-14 11:00:00,55.9833
2024-02-14 12:00:00,55.9331
2024-02-14 13:00:00,55.9767
2024-02-14 14:00:00,55.99
2024-02-14 15:00:00,56.1867
2024-02-14 16:00:00,56.23
2024-02-15 10:00:00,56.2667
2024-02-15 11:00:00,56.22
2024-02-15 12:00:00,56.29
2024-02-15 13:00:00,56.42
2024-02-15 14:00:00,56.4933
2024-02-15 15:00:00,56.4233
2024-02-15 16:00:00,56.4633
2024-02-16 10:00:00,56.8317
2024-02-16 11:00:00,57.2467
2024-02-16 12:00:00,57.2767
2024-02-16 13:00:00,57.2283
2024-02-16 14:00:00,56.9333
2024-02-16 15:00:00,56.7967
2024-02-16 16:00:00,56.75
2024-02-20 10:00:00,59.1467
2024-02-20 11:00:00,58.6724
2024-02-20 12:00:00,58.7433
2024-02-20 13:00:00,58.8017
2024-02-20 14:00:00,58.8867
2024-02-20 15:00:00,58.64
2024-02-20 16:00:00,58.5133
2024-02-21 10:00:00,57.9867
2024-02-21 11:00:00,57.8633
2024-02-21 12:00:00,57.9196
2024-02-21 13:00:00,57.8008
2024-02-21 14:00:00,57.7667
2024-02-21 15:00:00,57.9033
2024-02-21 16:00:00,58
2024-02-22 10:00:00,57.9867
2024-02-22 11:00:00,58.02
2024-02-22 12:00:00,58.1
2024-02-22 13:00:00,58.2867
2024-02-22 14:00:00,58.3733
2024-02-22 15:00:00,58.46
2024-02-22 16:00:00,58.5833
2024-02-23 10:00:00,58.9267
2024-02-23 11:00:00,58.735
2024-02-23 12:00:00,58.5659
2024-02-23 13:00:00,58.5567
2024-02-23 14:00:00,58.6933
2024-02-23 15:00:00,58.52
2024-02-23 16:00:00,58.62
2024-02-26 10:00:00,59.15
2024-02-26 11:00:00,59.6297
2024-02-26 12:00:00,59.69
2024-02-26 13:00:00,59.5583
2024-02-26 14:00:00,59.625
2024-02-26 15:00:00,59.58
2024-02-26 16:00:00,59.62
2024-02-27 10:00:00,59.41
2024-02-27 11:00:00,59.4
2024-02-27 12:00:00,59.5901
2024-02-27 13:00:00,59.56
2024-02-27 14:00:00,59.635
2024-02-27 15:00:00,59.57
2024-02-27 16:00:00,59.59
2024-02-28 10:00:00,59.7
2024-02-28 11:00:00,59.7313
2024-02-28 12:00:00,59.6216
2024-02-28 13:00:00,59.71
2024-02-28 14:00:00,59.49
2024-02-28 15:00:00,59.62
2024-02-28 16:00:00,59.51
